file,line,literal,class,sentence,notes
README.md,91,50%,CURRENT,A candidate counts as a hit when it contains at least 50% of a ring **and**,first-pass default: reads as a present-tense assertion
README.md,96,0.291,CURRENT,| **score** | **0.291** | **0.157** | **0.076** | **23.9%** |,first-pass default: reads as a present-tense assertion
README.md,96,0.157,CURRENT,| **score** | **0.291** | **0.157** | **0.076** | **23.9%** |,first-pass default: reads as a present-tense assertion
README.md,96,0.076,CURRENT,| **score** | **0.291** | **0.157** | **0.076** | **23.9%** |,first-pass default: reads as a present-tense assertion
README.md,96,23.9%,CURRENT,| **score** | **0.291** | **0.157** | **0.076** | **23.9%** |,first-pass default: reads as a present-tense assertion
README.md,97,0.094,CURRENT,| size | 0.094 | 0.074 | 0.051 | 18.5% |,first-pass default: reads as a present-tense assertion
README.md,97,0.074,CURRENT,| size | 0.094 | 0.074 | 0.051 | 18.5% |,first-pass default: reads as a present-tense assertion
README.md,97,0.051,CURRENT,| size | 0.094 | 0.074 | 0.051 | 18.5% |,first-pass default: reads as a present-tense assertion
README.md,97,18.5%,CURRENT,| size | 0.094 | 0.074 | 0.051 | 18.5% |,first-pass default: reads as a present-tense assertion
README.md,98,0.065,CURRENT,| degree | 0.065 | 0.072 | 0.049 | 16.6% |,first-pass default: reads as a present-tense assertion
README.md,98,0.072,CURRENT,| degree | 0.065 | 0.072 | 0.049 | 16.6% |,first-pass default: reads as a present-tense assertion
README.md,98,0.049,CURRENT,| degree | 0.065 | 0.072 | 0.049 | 16.6% |,first-pass default: reads as a present-tense assertion
README.md,98,16.6%,CURRENT,| degree | 0.065 | 0.072 | 0.049 | 16.6% |,first-pass default: reads as a present-tense assertion
README.md,99,0.000,CURRENT,| random | 0.000 | 0.004 | 0.004 | 5.4% |,first-pass default: reads as a present-tense assertion
README.md,99,0.004,CURRENT,| random | 0.000 | 0.004 | 0.004 | 5.4% |,first-pass default: reads as a present-tense assertion
README.md,99,0.004,CURRENT,| random | 0.000 | 0.004 | 0.004 | 5.4% |,first-pass default: reads as a present-tense assertion
README.md,99,5.4%,CURRENT,| random | 0.000 | 0.004 | 0.004 | 5.4% |,first-pass default: reads as a present-tense assertion
README.md,106,95%,DERIVED,| k | delta | 95% CI | verdict |,line asserts a relationship between two numbers
README.md,108,0.197,CURRENT,"| 10 | **+0.197** | [+0.124, +0.268] | **beats size** |",first-pass default: reads as a present-tense assertion
README.md,108,0.124,CURRENT,"| 10 | **+0.197** | [+0.124, +0.268] | **beats size** |",first-pass default: reads as a present-tense assertion
README.md,108,0.268,CURRENT,"| 10 | **+0.197** | [+0.124, +0.268] | **beats size** |",first-pass default: reads as a present-tense assertion
README.md,109,0.084,CURRENT,"| 20 | **+0.084** | [+0.047, +0.118] | **beats size** |",first-pass default: reads as a present-tense assertion
README.md,109,0.047,CURRENT,"| 20 | **+0.084** | [+0.047, +0.118] | **beats size** |",first-pass default: reads as a present-tense assertion
README.md,109,0.118,CURRENT,"| 20 | **+0.084** | [+0.047, +0.118] | **beats size** |",first-pass default: reads as a present-tense assertion
README.md,110,0.025,CURRENT,"| 50 | **+0.025** | [+0.009, +0.041] | **beats size** |",first-pass default: reads as a present-tense assertion
README.md,110,0.009,CURRENT,"| 50 | **+0.025** | [+0.009, +0.041] | **beats size** |",first-pass default: reads as a present-tense assertion
README.md,110,0.041,CURRENT,"| 50 | **+0.025** | [+0.009, +0.041] | **beats size** |",first-pass default: reads as a present-tense assertion
README.md,111,0.006,HISTORICAL,"| 100 | +0.006 | [−0.003, +0.014] | not distinguishable |",context carries a past-tense / correction / superseded marker
README.md,111,0.003,HISTORICAL,"| 100 | +0.006 | [−0.003, +0.014] | not distinguishable |",context carries a past-tense / correction / superseded marker
README.md,111,0.014,HISTORICAL,"| 100 | +0.006 | [−0.003, +0.014] | not distinguishable |",context carries a past-tense / correction / superseded marker
README.md,115,0.009,HISTORICAL,"+0.009 [−0.027, +0.041], +0.006 [−0.021, +0.031], −0.007 [−0.019, +0.005] and",context carries a past-tense / correction / superseded marker
README.md,115,0.027,HISTORICAL,"+0.009 [−0.027, +0.041], +0.006 [−0.021, +0.031], −0.007 [−0.019, +0.005] and",context carries a past-tense / correction / superseded marker
README.md,115,0.041,HISTORICAL,"+0.009 [−0.027, +0.041], +0.006 [−0.021, +0.031], −0.007 [−0.019, +0.005] and",context carries a past-tense / correction / superseded marker
README.md,115,0.006,HISTORICAL,"+0.009 [−0.027, +0.041], +0.006 [−0.021, +0.031], −0.007 [−0.019, +0.005] and",context carries a past-tense / correction / superseded marker
README.md,115,0.021,HISTORICAL,"+0.009 [−0.027, +0.041], +0.006 [−0.021, +0.031], −0.007 [−0.019, +0.005] and",context carries a past-tense / correction / superseded marker
README.md,115,0.031,HISTORICAL,"+0.009 [−0.027, +0.041], +0.006 [−0.021, +0.031], −0.007 [−0.019, +0.005] and",context carries a past-tense / correction / superseded marker
README.md,115,0.007,HISTORICAL,"+0.009 [−0.027, +0.041], +0.006 [−0.021, +0.031], −0.007 [−0.019, +0.005] and",context carries a past-tense / correction / superseded marker
README.md,115,0.019,HISTORICAL,"+0.009 [−0.027, +0.041], +0.006 [−0.021, +0.031], −0.007 [−0.019, +0.005] and",context carries a past-tense / correction / superseded marker
README.md,115,0.005,HISTORICAL,"+0.009 [−0.027, +0.041], +0.006 [−0.021, +0.031], −0.007 [−0.019, +0.005] and",context carries a past-tense / correction / superseded marker
README.md,116,0.009,HISTORICAL,"−0.009 [−0.016, −0.002] — three ties and a loss. `gargaml` and `stack`",context carries a past-tense / correction / superseded marker
README.md,116,0.016,HISTORICAL,"−0.009 [−0.016, −0.002] — three ties and a loss. `gargaml` and `stack`",context carries a past-tense / correction / superseded marker
README.md,116,0.002,HISTORICAL,"−0.009 [−0.016, −0.002] — three ties and a loss. `gargaml` and `stack`",context carries a past-tense / correction / superseded marker
README.md,117,100%,HISTORICAL,were measured as **anti-signal**: both fire on ~100% of candidates at a mean of,context carries a past-tense / correction / superseded marker
README.md,135,0.088,CURRENT,why the `size` row moved too (0.088 to 0.094 at k=10) despite ignoring the score,first-pass default: reads as a present-tense assertion
README.md,135,0.094,CURRENT,why the `size` row moved too (0.088 to 0.094 at k=10) despite ignoring the score,first-pass default: reads as a present-tense assertion
README.md,139,0.144,CURRENT,"+0.144 [+0.056, +0.244] at k=10. Decomposing the split exactly is a *must",first-pass default: reads as a present-tense assertion
README.md,139,0.056,CURRENT,"+0.144 [+0.056, +0.244] at k=10. Decomposing the split exactly is a *must",first-pass default: reads as a present-tense assertion
README.md,139,0.244,CURRENT,"+0.144 [+0.056, +0.244] at k=10. Decomposing the split exactly is a *must",first-pass default: reads as a present-tense assertion
README.md,156,100.0%,CURRENT,| seed-reachable | 259 | 100.0% | — |,first-pass default: reads as a present-tense assertion
README.md,157,88.8%,CURRENT,| seeded | 230 | 88.8% | **−11.2 pts** |,first-pass default: reads as a present-tense assertion
README.md,158,62.2%,CURRENT,| built (candidate generated) | 161 | 62.2% | **−26.6 pts** |,first-pass default: reads as a present-tense assertion
README.md,159,22.4%,HISTORICAL,| ranked into top 50 | 58 | 22.4% | **−39.8 pts** |,context carries a past-tense / correction / superseded marker
README.md,171,73.3%,CURRENT,**Structural ceiling is 73.3%** — 88 of 370 rings have two or fewer accounts and,first-pass default: reads as a present-tense assertion
README.md,181,0.2778,DERIVED,"**p@10 0.2778 [0.1500, 0.4167] against the v1 hand-set blend's 0.0500,",line asserts a relationship between two numbers
README.md,181,0.1500,DERIVED,"**p@10 0.2778 [0.1500, 0.4167] against the v1 hand-set blend's 0.0500,",line asserts a relationship between two numbers
README.md,181,0.4167,DERIVED,"**p@10 0.2778 [0.1500, 0.4167] against the v1 hand-set blend's 0.0500,",line asserts a relationship between two numbers
README.md,181,0.0500,DERIVED,"**p@10 0.2778 [0.1500, 0.4167] against the v1 hand-set blend's 0.0500,",line asserts a relationship between two numbers
README.md,182,0.2278,DERIVED,"a paired delta of +0.2278 [+0.1167, +0.3500] on a ring-disjoint held-out split",line asserts a relationship between two numbers
README.md,182,0.1167,DERIVED,"a paired delta of +0.2278 [+0.1167, +0.3500] on a ring-disjoint held-out split",line asserts a relationship between two numbers
README.md,182,0.3500,DERIVED,"a paired delta of +0.2278 [+0.1167, +0.3500] on a ring-disjoint held-out split",line asserts a relationship between two numbers
README.md,188,0.0500,HISTORICAL,> 0.0500 it beats is the blend *before* `gargaml` and `stack` were retired.,context carries a past-tense / correction / superseded marker
README.md,190,0.2778,HISTORICAL,"> (`scripts/eval_ranker.py --use-cache`), the pointwise model reaches **0.2778",context carries a past-tense / correction / superseded marker
README.md,191,0.1889,HISTORICAL,"> against the corrected blend's 0.1889, a paired delta of +0.0889 [+0.0333,",context carries a past-tense / correction / superseded marker
README.md,191,0.0889,HISTORICAL,"> against the corrected blend's 0.1889, a paired delta of +0.0889 [+0.0333,",context carries a past-tense / correction / superseded marker
README.md,191,0.0333,HISTORICAL,"> against the corrected blend's 0.1889, a paired delta of +0.0889 [+0.0333,",context carries a past-tense / correction / superseded marker
README.md,192,0.1500,HISTORICAL,> +0.1500]** — where it was +0.2278 before. **The supervised model's lead over,context carries a past-tense / correction / superseded marker
README.md,192,0.2278,HISTORICAL,> +0.1500]** — where it was +0.2278 before. **The supervised model's lead over,context carries a past-tense / correction / superseded marker
README.md,193,60%,HISTORICAL,> the hand-set score has fallen by roughly 60%.** It is still real and still,context carries a past-tense / correction / superseded marker
README.md,201,0.2778,CURRENT,below is why the caveat is the argument rather than a hedge. 0.2778 is not a,first-pass default: reads as a present-tense assertion
README.md,213,90.3%,CURRENT,| **BIPARTITE** | 31 | 28 (90.3%) | **5 (16.1%)** | 1 (3.2%) | **build-destroyed** |,first-pass default: reads as a present-tense assertion
README.md,213,16.1%,CURRENT,| **BIPARTITE** | 31 | 28 (90.3%) | **5 (16.1%)** | 1 (3.2%) | **build-destroyed** |,first-pass default: reads as a present-tense assertion
README.md,213,3.2%,CURRENT,| **BIPARTITE** | 31 | 28 (90.3%) | **5 (16.1%)** | 1 (3.2%) | **build-destroyed** |,first-pass default: reads as a present-tense assertion
README.md,214,100.0%,CURRENT,| **STACK** | 30 | **30 (100.0%)** | **9 (30.0%)** | 2 (6.7%) | **build-destroyed** |,first-pass default: reads as a present-tense assertion
README.md,214,30.0%,CURRENT,| **STACK** | 30 | **30 (100.0%)** | **9 (30.0%)** | 2 (6.7%) | **build-destroyed** |,first-pass default: reads as a present-tense assertion
README.md,214,6.7%,CURRENT,| **STACK** | 30 | **30 (100.0%)** | **9 (30.0%)** | 2 (6.7%) | **build-destroyed** |,first-pass default: reads as a present-tense assertion
README.md,215,90.3%,CURRENT,| SCATTER-GATHER | 31 | 28 (90.3%) | 27 (87.1%) | 16 (51.6%) | ranking-limited |,first-pass default: reads as a present-tense assertion
README.md,215,87.1%,CURRENT,| SCATTER-GATHER | 31 | 28 (90.3%) | 27 (87.1%) | 16 (51.6%) | ranking-limited |,first-pass default: reads as a present-tense assertion
README.md,215,51.6%,CURRENT,| SCATTER-GATHER | 31 | 28 (90.3%) | 27 (87.1%) | 16 (51.6%) | ranking-limited |,first-pass default: reads as a present-tense assertion
README.md,216,92.1%,CURRENT,| GATHER-SCATTER | 38 | 35 (92.1%) | 30 (78.9%) | 9 (23.7%) | ranking-limited |,first-pass default: reads as a present-tense assertion
README.md,216,78.9%,CURRENT,| GATHER-SCATTER | 38 | 35 (92.1%) | 30 (78.9%) | 9 (23.7%) | ranking-limited |,first-pass default: reads as a present-tense assertion
README.md,216,23.7%,CURRENT,| GATHER-SCATTER | 38 | 35 (92.1%) | 30 (78.9%) | 9 (23.7%) | ranking-limited |,first-pass default: reads as a present-tense assertion
README.md,217,83.8%,CURRENT,| CYCLE | 37 | 31 (83.8%) | 28 (75.7%) | 7 (18.9%) | ranking-limited |,first-pass default: reads as a present-tense assertion
README.md,217,75.7%,CURRENT,| CYCLE | 37 | 31 (83.8%) | 28 (75.7%) | 7 (18.9%) | ranking-limited |,first-pass default: reads as a present-tense assertion
README.md,217,18.9%,CURRENT,| CYCLE | 37 | 31 (83.8%) | 28 (75.7%) | 7 (18.9%) | ranking-limited |,first-pass default: reads as a present-tense assertion
README.md,218,83.3%,CURRENT,| FAN-OUT | 36 | 30 (83.3%) | 24 (66.7%) | 11 (30.6%) | ordinary attrition |,first-pass default: reads as a present-tense assertion
README.md,218,66.7%,CURRENT,| FAN-OUT | 36 | 30 (83.3%) | 24 (66.7%) | 11 (30.6%) | ordinary attrition |,first-pass default: reads as a present-tense assertion
README.md,218,30.6%,CURRENT,| FAN-OUT | 36 | 30 (83.3%) | 24 (66.7%) | 11 (30.6%) | ordinary attrition |,first-pass default: reads as a present-tense assertion
README.md,219,86.7%,CURRENT,| FAN-IN | 30 | 26 (86.7%) | 21 (70.0%) | 5 (16.7%) | ordinary attrition |,first-pass default: reads as a present-tense assertion
README.md,219,70.0%,CURRENT,| FAN-IN | 30 | 26 (86.7%) | 21 (70.0%) | 5 (16.7%) | ordinary attrition |,first-pass default: reads as a present-tense assertion
README.md,219,16.7%,CURRENT,| FAN-IN | 30 | 26 (86.7%) | 21 (70.0%) | 5 (16.7%) | ordinary attrition |,first-pass default: reads as a present-tense assertion
README.md,220,84.6%,CURRENT,| RANDOM | 26 | 22 (84.6%) | 17 (65.4%) | 7 (26.9%) | ordinary attrition |,first-pass default: reads as a present-tense assertion
README.md,220,65.4%,CURRENT,| RANDOM | 26 | 22 (84.6%) | 17 (65.4%) | 7 (26.9%) | ordinary attrition |,first-pass default: reads as a present-tense assertion
README.md,220,26.9%,CURRENT,| RANDOM | 26 | 22 (84.6%) | 17 (65.4%) | 7 (26.9%) | ordinary attrition |,first-pass default: reads as a present-tense assertion
README.md,221,88.8%,CURRENT,| **TOTAL** | **259** | **230 (88.8%)** | **161 (62.2%)** | **58 (22.4%)** | aggregate |,first-pass default: reads as a present-tense assertion
README.md,221,62.2%,CURRENT,| **TOTAL** | **259** | **230 (88.8%)** | **161 (62.2%)** | **58 (22.4%)** | aggregate |,first-pass default: reads as a present-tense assertion
README.md,221,22.4%,CURRENT,| **TOTAL** | **259** | **230 (88.8%)** | **161 (62.2%)** | **58 (22.4%)** | aggregate |,first-pass default: reads as a present-tense assertion
README.md,223,96%,CURRENT,Six of the eight typologies keep 77–96% of their seeded rings through the build,first-pass default: reads as a present-tense assertion
README.md,224,17.9%,CURRENT,stage. BIPARTITE keeps 17.9% and STACK 30.0%. **Those two rows are the build,first-pass default: reads as a present-tense assertion
README.md,224,30.0%,CURRENT,stage. BIPARTITE keeps 17.9% and STACK 30.0%. **Those two rows are the build,first-pass default: reads as a present-tense assertion
README.md,234,90.3%,HISTORICAL,that runs after it. BIPARTITE is the same failure at 90.3% seeded.,context carries a past-tense / correction / superseded marker
README.md,250,50%,CURRENT,- **CONTAINMENT_FAIL** — expansion never reached ≥50% of the ring. *Fix by,first-pass default: reads as a present-tense assertion
README.md,289,0.140,CURRENT,"| hops 2 → 3 | **worse.** BIPARTITE built 0 → 0, STACK 2 → 1. Mean best Jaccard collapsed (BIPARTITE 0.140 → 0.083, STACK 0.153 → 0.075) as mean candidate size ballooned (BIPARTITE 15.2 → 36.4, STACK 19.1 → 52.8). | `data/build_diagnosis_h3.json` |",first-pass default: reads as a present-tense assertion
README.md,289,0.083,CURRENT,"| hops 2 → 3 | **worse.** BIPARTITE built 0 → 0, STACK 2 → 1. Mean best Jaccard collapsed (BIPARTITE 0.140 → 0.083, STACK 0.153 → 0.075) as mean candidate size ballooned (BIPARTITE 15.2 → 36.4, STACK 19.1 → 52.8). | `data/build_diagnosis_h3.json` |",first-pass default: reads as a present-tense assertion
README.md,289,0.153,CURRENT,"| hops 2 → 3 | **worse.** BIPARTITE built 0 → 0, STACK 2 → 1. Mean best Jaccard collapsed (BIPARTITE 0.140 → 0.083, STACK 0.153 → 0.075) as mean candidate size ballooned (BIPARTITE 15.2 → 36.4, STACK 19.1 → 52.8). | `data/build_diagnosis_h3.json` |",first-pass default: reads as a present-tense assertion
README.md,289,0.075,CURRENT,"| hops 2 → 3 | **worse.** BIPARTITE built 0 → 0, STACK 2 → 1. Mean best Jaccard collapsed (BIPARTITE 0.140 → 0.083, STACK 0.153 → 0.075) as mean candidate size ballooned (BIPARTITE 15.2 → 36.4, STACK 19.1 → 52.8). | `data/build_diagnosis_h3.json` |",first-pass default: reads as a present-tense assertion
README.md,302,95%,DERIVED,| k | no pruning | leaf2 | delta | 95% CI | real? |,line asserts a relationship between two numbers
README.md,304,0.085,CURRENT,"| 10 | 0.085 | 0.097 | +0.012 | [-0.021, +0.044] | no |",first-pass default: reads as a present-tense assertion
README.md,304,0.097,CURRENT,"| 10 | 0.085 | 0.097 | +0.012 | [-0.021, +0.044] | no |",first-pass default: reads as a present-tense assertion
README.md,304,0.012,CURRENT,"| 10 | 0.085 | 0.097 | +0.012 | [-0.021, +0.044] | no |",first-pass default: reads as a present-tense assertion
README.md,304,0.021,CURRENT,"| 10 | 0.085 | 0.097 | +0.012 | [-0.021, +0.044] | no |",first-pass default: reads as a present-tense assertion
README.md,304,0.044,CURRENT,"| 10 | 0.085 | 0.097 | +0.012 | [-0.021, +0.044] | no |",first-pass default: reads as a present-tense assertion
README.md,305,0.049,CURRENT,"| 20 | 0.049 | 0.079 | +0.031 | [+0.010, +0.053] | **yes** |",first-pass default: reads as a present-tense assertion
README.md,305,0.079,CURRENT,"| 20 | 0.049 | 0.079 | +0.031 | [+0.010, +0.053] | **yes** |",first-pass default: reads as a present-tense assertion
README.md,305,0.031,CURRENT,"| 20 | 0.049 | 0.079 | +0.031 | [+0.010, +0.053] | **yes** |",first-pass default: reads as a present-tense assertion
README.md,305,0.010,CURRENT,"| 20 | 0.049 | 0.079 | +0.031 | [+0.010, +0.053] | **yes** |",first-pass default: reads as a present-tense assertion
README.md,305,0.053,CURRENT,"| 20 | 0.049 | 0.079 | +0.031 | [+0.010, +0.053] | **yes** |",first-pass default: reads as a present-tense assertion
README.md,306,0.024,CURRENT,"| 50 | 0.024 | 0.043 | +0.019 | [+0.009, +0.029] | **yes** |",first-pass default: reads as a present-tense assertion
README.md,306,0.043,CURRENT,"| 50 | 0.024 | 0.043 | +0.019 | [+0.009, +0.029] | **yes** |",first-pass default: reads as a present-tense assertion
README.md,306,0.019,CURRENT,"| 50 | 0.024 | 0.043 | +0.019 | [+0.009, +0.029] | **yes** |",first-pass default: reads as a present-tense assertion
README.md,306,0.009,CURRENT,"| 50 | 0.024 | 0.043 | +0.019 | [+0.009, +0.029] | **yes** |",first-pass default: reads as a present-tense assertion
README.md,306,0.029,CURRENT,"| 50 | 0.024 | 0.043 | +0.019 | [+0.009, +0.029] | **yes** |",first-pass default: reads as a present-tense assertion
README.md,307,0.015,CURRENT,"| 100 | 0.015 | 0.026 | +0.011 | [+0.006, +0.016] | **yes** |",first-pass default: reads as a present-tense assertion
README.md,307,0.026,CURRENT,"| 100 | 0.015 | 0.026 | +0.011 | [+0.006, +0.016] | **yes** |",first-pass default: reads as a present-tense assertion
README.md,307,0.011,CURRENT,"| 100 | 0.015 | 0.026 | +0.011 | [+0.006, +0.016] | **yes** |",first-pass default: reads as a present-tense assertion
README.md,307,0.006,CURRENT,"| 100 | 0.015 | 0.026 | +0.011 | [+0.006, +0.016] | **yes** |",first-pass default: reads as a present-tense assertion
README.md,307,0.016,CURRENT,"| 100 | 0.015 | 0.026 | +0.011 | [+0.006, +0.016] | **yes** |",first-pass default: reads as a present-tense assertion
README.md,322,0.278,CURRENT,"split, p@10 0.278 [0.150, 0.417] — trained on ground-truth ring labels, which a",first-pass default: reads as a present-tense assertion
README.md,322,0.150,CURRENT,"split, p@10 0.278 [0.150, 0.417] — trained on ground-truth ring labels, which a",first-pass default: reads as a present-tense assertion
README.md,322,0.417,CURRENT,"split, p@10 0.278 [0.150, 0.417] — trained on ground-truth ring labels, which a",first-pass default: reads as a present-tense assertion
README.md,356,95%,CURRENT,| ranking | p@10 | 95% CI | p@20 | p@50 |,first-pass default: reads as a present-tense assertion
README.md,358,0.2778,CURRENT,"| **supervised (TRUE LABELS — not deployable; see [the label tax](#the-label-tax--why-the-caveat-is-the-argument))** | **0.2778** | [0.1500, 0.4167] | 0.1500 | 0.0689 |",first-pass default: reads as a present-tense assertion
README.md,358,0.1500,CURRENT,"| **supervised (TRUE LABELS — not deployable; see [the label tax](#the-label-tax--why-the-caveat-is-the-argument))** | **0.2778** | [0.1500, 0.4167] | 0.1500 | 0.0689 |",first-pass default: reads as a present-tense assertion
README.md,358,0.4167,CURRENT,"| **supervised (TRUE LABELS — not deployable; see [the label tax](#the-label-tax--why-the-caveat-is-the-argument))** | **0.2778** | [0.1500, 0.4167] | 0.1500 | 0.0689 |",first-pass default: reads as a present-tense assertion
README.md,358,0.1500,CURRENT,"| **supervised (TRUE LABELS — not deployable; see [the label tax](#the-label-tax--why-the-caveat-is-the-argument))** | **0.2778** | [0.1500, 0.4167] | 0.1500 | 0.0689 |",first-pass default: reads as a present-tense assertion
README.md,358,0.0689,CURRENT,"| **supervised (TRUE LABELS — not deployable; see [the label tax](#the-label-tax--why-the-caveat-is-the-argument))** | **0.2778** | [0.1500, 0.4167] | 0.1500 | 0.0689 |",first-pass default: reads as a present-tense assertion
README.md,359,0.0500,CURRENT,"| v1 hand-set blend (shipped) | 0.0500 | [0.0222, 0.0778] | 0.0389 | 0.0244 |",first-pass default: reads as a present-tense assertion
README.md,359,0.0222,CURRENT,"| v1 hand-set blend (shipped) | 0.0500 | [0.0222, 0.0778] | 0.0389 | 0.0244 |",first-pass default: reads as a present-tense assertion
README.md,359,0.0778,CURRENT,"| v1 hand-set blend (shipped) | 0.0500 | [0.0222, 0.0778] | 0.0389 | 0.0244 |",first-pass default: reads as a present-tense assertion
README.md,359,0.0389,CURRENT,"| v1 hand-set blend (shipped) | 0.0500 | [0.0222, 0.0778] | 0.0389 | 0.0244 |",first-pass default: reads as a present-tense assertion
README.md,359,0.0244,CURRENT,"| v1 hand-set blend (shipped) | 0.0500 | [0.0222, 0.0778] | 0.0389 | 0.0244 |",first-pass default: reads as a present-tense assertion
README.md,360,0.0333,CURRENT,"| size | 0.0333 | [0.0111, 0.0556] | 0.0389 | 0.0233 |",first-pass default: reads as a present-tense assertion
README.md,360,0.0111,CURRENT,"| size | 0.0333 | [0.0111, 0.0556] | 0.0389 | 0.0233 |",first-pass default: reads as a present-tense assertion
README.md,360,0.0556,CURRENT,"| size | 0.0333 | [0.0111, 0.0556] | 0.0389 | 0.0233 |",first-pass default: reads as a present-tense assertion
README.md,360,0.0389,CURRENT,"| size | 0.0333 | [0.0111, 0.0556] | 0.0389 | 0.0233 |",first-pass default: reads as a present-tense assertion
README.md,360,0.0233,CURRENT,"| size | 0.0333 | [0.0111, 0.0556] | 0.0389 | 0.0233 |",first-pass default: reads as a present-tense assertion
README.md,361,0.0167,CURRENT,"| degree | 0.0167 | [0.0000, 0.0389] | 0.0278 | 0.0211 |",first-pass default: reads as a present-tense assertion
README.md,361,0.0000,CURRENT,"| degree | 0.0167 | [0.0000, 0.0389] | 0.0278 | 0.0211 |",first-pass default: reads as a present-tense assertion
README.md,361,0.0389,CURRENT,"| degree | 0.0167 | [0.0000, 0.0389] | 0.0278 | 0.0211 |",first-pass default: reads as a present-tense assertion
README.md,361,0.0278,CURRENT,"| degree | 0.0167 | [0.0000, 0.0389] | 0.0278 | 0.0211 |",first-pass default: reads as a present-tense assertion
README.md,361,0.0211,CURRENT,"| degree | 0.0167 | [0.0000, 0.0389] | 0.0278 | 0.0211 |",first-pass default: reads as a present-tense assertion
README.md,362,0.0000,CURRENT,"| random | 0.0000 | [0.0000, 0.0000] | 0.0000 | 0.0000 |",first-pass default: reads as a present-tense assertion
README.md,362,0.0000,CURRENT,"| random | 0.0000 | [0.0000, 0.0000] | 0.0000 | 0.0000 |",first-pass default: reads as a present-tense assertion
README.md,362,0.0000,CURRENT,"| random | 0.0000 | [0.0000, 0.0000] | 0.0000 | 0.0000 |",first-pass default: reads as a present-tense assertion
README.md,362,0.0000,CURRENT,"| random | 0.0000 | [0.0000, 0.0000] | 0.0000 | 0.0000 |",first-pass default: reads as a present-tense assertion
README.md,362,0.0000,CURRENT,"| random | 0.0000 | [0.0000, 0.0000] | 0.0000 | 0.0000 |",first-pass default: reads as a present-tense assertion
README.md,364,0.2285,CURRENT,Average precision 0.2285. The size baseline is quoted beside the headline,first-pass default: reads as a present-tense assertion
README.md,369,0.2778,CURRENT,"**The denominator inflates that 0.2778, and by roughly a tenth.** p@k here is",first-pass default: reads as a present-tense assertion
README.md,373,0.2778,CURRENT,"on this same split, and for its pointwise fit the same model scores **0.2778",first-pass default: reads as a present-tense assertion
README.md,374,0.2500,CURRENT,candidate-level against 0.2500 distinct-ring** at k=10,first-pass default: reads as a present-tense assertion
README.md,377,0.2778,DERIVED,"computes only the candidate-level figure, so **its 0.2778 — the identical",line asserts a relationship between two numbers
README.md,380,0.2500,CURRENT,distinct-ring reading of the headline is therefore 0.2500. Read,first-pass default: reads as a present-tense assertion
README.md,388,95%,DERIVED,| k | delta | 95% CI | excludes zero? |,line asserts a relationship between two numbers
README.md,390,0.2278,CURRENT,"| 10 | **+0.2278** | [+0.1167, +0.3500] | **yes** |",first-pass default: reads as a present-tense assertion
README.md,390,0.1167,CURRENT,"| 10 | **+0.2278** | [+0.1167, +0.3500] | **yes** |",first-pass default: reads as a present-tense assertion
README.md,390,0.3500,CURRENT,"| 10 | **+0.2278** | [+0.1167, +0.3500] | **yes** |",first-pass default: reads as a present-tense assertion
README.md,391,0.1111,CURRENT,"| 20 | +0.1111 | [+0.0528, +0.1778] | **yes** |",first-pass default: reads as a present-tense assertion
README.md,391,0.0528,CURRENT,"| 20 | +0.1111 | [+0.0528, +0.1778] | **yes** |",first-pass default: reads as a present-tense assertion
README.md,391,0.1778,CURRENT,"| 20 | +0.1111 | [+0.0528, +0.1778] | **yes** |",first-pass default: reads as a present-tense assertion
README.md,392,0.0444,CURRENT,"| 50 | +0.0444 | [+0.0222, +0.0678] | **yes** |",first-pass default: reads as a present-tense assertion
README.md,392,0.0222,CURRENT,"| 50 | +0.0444 | [+0.0222, +0.0678] | **yes** |",first-pass default: reads as a present-tense assertion
README.md,392,0.0678,CURRENT,"| 50 | +0.0444 | [+0.0222, +0.0678] | **yes** |",first-pass default: reads as a present-tense assertion
README.md,394,0.0045,CURRENT,The stored F1 of 0.0045 is **not** interpreted and should not be quoted without,first-pass default: reads as a present-tense assertion
README.md,395,0.1%,CURRENT,this clause: a fixed 0.5 threshold on a pool with roughly 0.1% positives,first-pass default: reads as a present-tense assertion
README.md,405,0.2778,DERIVED,"reaches **p@10 0.2778 [0.1500, 0.4167]**, with a paired delta over the v1 blend",line asserts a relationship between two numbers
README.md,405,0.1500,DERIVED,"reaches **p@10 0.2778 [0.1500, 0.4167]**, with a paired delta over the v1 blend",line asserts a relationship between two numbers
README.md,405,0.4167,DERIVED,"reaches **p@10 0.2778 [0.1500, 0.4167]**, with a paired delta over the v1 blend",line asserts a relationship between two numbers
README.md,406,0.2278,CURRENT,"of **+0.2278 [+0.1167, +0.3500]** (`data/eval_ranker.json`,",first-pass default: reads as a present-tense assertion
README.md,406,0.1167,CURRENT,"of **+0.2278 [+0.1167, +0.3500]** (`data/eval_ranker.json`,",first-pass default: reads as a present-tense assertion
README.md,406,0.3500,CURRENT,"of **+0.2278 [+0.1167, +0.3500]** (`data/eval_ranker.json`,",first-pass default: reads as a present-tense assertion
README.md,409,0.2778,DERIVED,"**The two agree exactly, to every digit.** Both report p@10 0.2778 [0.1500,",line asserts a relationship between two numbers
README.md,409,0.1500,DERIVED,"**The two agree exactly, to every digit.** Both report p@10 0.2778 [0.1500,",line asserts a relationship between two numbers
README.md,410,0.4167,DERIVED,"0.4167]; both report a paired delta over the v1 blend of +0.2278 [+0.1167,",line asserts a relationship between two numbers
README.md,410,0.2278,DERIVED,"0.4167]; both report a paired delta over the v1 blend of +0.2278 [+0.1167,",line asserts a relationship between two numbers
README.md,410,0.1167,DERIVED,"0.4167]; both report a paired delta over the v1 blend of +0.2278 [+0.1167,",line asserts a relationship between two numbers
README.md,411,0.3500,CURRENT,"+0.3500] at k=10 and +0.0444 at k=50. Two scripts, with separate",first-pass default: reads as a present-tense assertion
README.md,411,0.0444,CURRENT,"+0.3500] at k=10 and +0.0444 at k=50. Two scripts, with separate",first-pass default: reads as a present-tense assertion
README.md,416,0.2667,HISTORICAL,earlier version of this section reported the two as 0.2667 and 0.2778 and read,context carries a past-tense / correction / superseded marker
README.md,416,0.2778,HISTORICAL,earlier version of this section reported the two as 0.2667 and 0.2778 and read,context carries a past-tense / correction / superseded marker
README.md,417,0.011,HISTORICAL,the 0.011 between them as fit-to-fit wobble. That reading was wrong: the 0.2667,context carries a past-tense / correction / superseded marker
README.md,417,0.2667,HISTORICAL,the 0.011 between them as fit-to-fit wobble. That reading was wrong: the 0.2667,context carries a past-tense / correction / superseded marker
README.md,424,0.2278,CURRENT,"shipped v1 blend that is +0.2278 [+0.1167, +0.3500] in both",first-pass default: reads as a present-tense assertion
README.md,424,0.1167,CURRENT,"shipped v1 blend that is +0.2278 [+0.1167, +0.3500] in both",first-pass default: reads as a present-tense assertion
README.md,424,0.3500,CURRENT,"shipped v1 blend that is +0.2278 [+0.1167, +0.3500] in both",first-pass default: reads as a present-tense assertion
README.md,425,0.2778,CURRENT,"`data/eval_oracle.json` and `data/eval_ranker.json`; against random, +0.2778",first-pass default: reads as a present-tense assertion
README.md,426,0.1500,CURRENT,"[+0.1500, +0.4167] in both. Nothing else",first-pass default: reads as a present-tense assertion
README.md,426,0.4167,CURRENT,"[+0.1500, +0.4167] in both. Nothing else",first-pass default: reads as a present-tense assertion
README.md,428,0.088,CURRENT,"+0.088 [+0.056, +0.126] (`data/prune_impact.json`) and every Phase 4 re-ranker",first-pass default: reads as a present-tense assertion
README.md,428,0.056,CURRENT,"+0.088 [+0.056, +0.126] (`data/prune_impact.json`) and every Phase 4 re-ranker",first-pass default: reads as a present-tense assertion
README.md,428,0.126,CURRENT,"+0.088 [+0.056, +0.126] (`data/prune_impact.json`) and every Phase 4 re-ranker",first-pass default: reads as a present-tense assertion
README.md,434,0.2778,HISTORICAL,"supervised-minus-random delta at k=10, +0.2778 [+0.1500, +0.4167], on the very",context carries a past-tense / correction / superseded marker
README.md,434,0.1500,HISTORICAL,"supervised-minus-random delta at k=10, +0.2778 [+0.1500, +0.4167], on the very",context carries a past-tense / correction / superseded marker
README.md,434,0.4167,HISTORICAL,"supervised-minus-random delta at k=10, +0.2778 [+0.1500, +0.4167], on the very",context carries a past-tense / correction / superseded marker
README.md,440,0.278,CURRENT,0.278 is what these features support **when the labels are perfect**. A,first-pass default: reads as a present-tense assertion
README.md,443,0.124,CURRENT,reached **p@10 = 0.124 against 0.106 for the v1 hand-set** over 17 held-out,first-pass default: reads as a present-tense assertion
README.md,443,0.106,CURRENT,reached **p@10 = 0.124 against 0.106 for the v1 hand-set** over 17 held-out,first-pass default: reads as a present-tense assertion
README.md,464,0.124,CURRENT,reached p@10 0.124 over 17 held-out cycles; a truth-trained model on ~170k,first-pass default: reads as a present-tense assertion
README.md,465,0.278,CURRENT,candidates reached 0.278 over a different 18. The gap is *consistent with* a,first-pass default: reads as a present-tense assertion
README.md,468,2.25×,CURRENT,any one of them could carry the whole 2.25×.,first-pass default: reads as a present-tense assertion
README.md,472,2.25×,DERIVED,been run.** Naming it is the honest position; calling the 2.25× the tax is not.,line asserts a relationship between two numbers
README.md,481,0.278,HISTORICAL,"The detector reaches 0.278 when someone hands it clean ring labels, and nobody",context carries a past-tense / correction / superseded marker
README.md,484,2.25×,HISTORICAL,model. That was the argument before the 2.25× was quoted and it is the argument,context carries a past-tense / correction / superseded marker
README.md,487,0.278,HISTORICAL,"**0.278 is never a production number, and it is not quoted as one anywhere in",context carries a past-tense / correction / superseded marker
README.md,509,95%,DERIVED,"| k | 95% CI on the delta | excludes zero? | the delta, in queue slots |",line asserts a relationship between two numbers
README.md,511,0.0611,CURRENT,"| 10 | [-0.0611, +0.0222] | no | 3 slots out of 180 |",first-pass default: reads as a present-tense assertion
README.md,511,0.0222,CURRENT,"| 10 | [-0.0611, +0.0222] | no | 3 slots out of 180 |",first-pass default: reads as a present-tense assertion
README.md,512,0.0139,CURRENT,"| 20 | [-0.0139, +0.0361] | no | 4 slots out of 360 |",first-pass default: reads as a present-tense assertion
README.md,512,0.0361,CURRENT,"| 20 | [-0.0139, +0.0361] | no | 4 slots out of 360 |",first-pass default: reads as a present-tense assertion
README.md,513,0.0022,HISTORICAL,"| 50 | [+0.0022, +0.0244] | yes | 11 slots out of 900 |",context carries a past-tense / correction / superseded marker
README.md,513,0.0244,HISTORICAL,"| 50 | [+0.0022, +0.0244] | yes | 11 slots out of 900 |",context carries a past-tense / correction / superseded marker
README.md,516,0.0167,HISTORICAL,"-0.0167, +0.0111 and +0.0122, and they are still in `data/eval_ranker.json`",context carries a past-tense / correction / superseded marker
README.md,516,0.0111,HISTORICAL,"-0.0167, +0.0111 and +0.0122, and they are still in `data/eval_ranker.json`",context carries a past-tense / correction / superseded marker
README.md,516,0.0122,HISTORICAL,"-0.0167, +0.0111 and +0.0122, and they are still in `data/eval_ranker.json`",context carries a past-tense / correction / superseded marker
README.md,518,0.0167,DERIVED,away from the intervals that are the actual result. A delta of -0.0167 over 18,line asserts a relationship between two numbers
README.md,549,95%,DERIVED,| k | delta | 95% CI | excludes zero? |,line asserts a relationship between two numbers
README.md,551,0.0444,CURRENT,"| 10 | -0.0444 | [-0.0833, -0.0056] | yes |",first-pass default: reads as a present-tense assertion
README.md,551,0.0833,CURRENT,"| 10 | -0.0444 | [-0.0833, -0.0056] | yes |",first-pass default: reads as a present-tense assertion
README.md,551,0.0056,CURRENT,"| 10 | -0.0444 | [-0.0833, -0.0056] | yes |",first-pass default: reads as a present-tense assertion
README.md,552,0.0167,CURRENT,"| 20 | -0.0167 | [-0.0417, +0.0083] | no |",first-pass default: reads as a present-tense assertion
README.md,552,0.0417,CURRENT,"| 20 | -0.0167 | [-0.0417, +0.0083] | no |",first-pass default: reads as a present-tense assertion
README.md,552,0.0083,CURRENT,"| 20 | -0.0167 | [-0.0417, +0.0083] | no |",first-pass default: reads as a present-tense assertion
README.md,553,0.0078,CURRENT,"| 50 | -0.0078 | [-0.0144, -0.0011] | yes |",first-pass default: reads as a present-tense assertion
README.md,553,0.0144,CURRENT,"| 50 | -0.0078 | [-0.0144, -0.0011] | yes |",first-pass default: reads as a present-tense assertion
README.md,553,0.0011,CURRENT,"| 50 | -0.0078 | [-0.0144, -0.0011] | yes |",first-pass default: reads as a present-tense assertion
README.md,571,0.0556,HISTORICAL,CI-clear degradation and 0 of 5 show a gain — point estimates run from -0.0556,context carries a past-tense / correction / superseded marker
README.md,572,0.0056,CURRENT,"to +0.0056, so 3 of 5 are statistically null, not degradations. At k=20 all",first-pass default: reads as a present-tense assertion
README.md,575,0.0444,CURRENT,"**The honest characterization is not ""confirmed degradation, -0.0444,",first-pass default: reads as a present-tense assertion
README.md,607,61%,CURRENT,"""p@20 improved 61%"" is true and misleading alone — the size baseline improved",first-pass default: reads as a present-tense assertion
README.md,608,0.000,CURRENT,"more, from 0.000 to 0.074. This rule exists because ignoring it once already",first-pass default: reads as a present-tense assertion
README.md,608,0.074,CURRENT,"more, from 0.000 to 0.074. This rule exists because ignoring it once already",first-pass default: reads as a present-tense assertion
README.md,615,0.157,CURRENT,A precision figure alone is not actionable. p@20 = 0.157 is either excellent or,first-pass default: reads as a present-tense assertion
README.md,667,0.278,CURRENT,re-ranker trained on ground-truth ring labels reaches [p@10 0.278 on a,first-pass default: reads as a present-tense assertion
README.md,670,0.124,CURRENT,"deployment actually has — reaches 0.124. Those are **two different experiments**,",first-pass default: reads as a present-tense assertion
README.md,686,0.2704,HISTORICAL,"It read ""held-out average precision 0.2704 against a 0.0412 base rate"". It is",context carries a past-tense / correction / superseded marker
README.md,686,0.0412,HISTORICAL,"It read ""held-out average precision 0.2704 against a 0.0412 base rate"". It is",context carries a past-tense / correction / superseded marker
README.md,695,95%,CURRENT,over the 17 held-out cycles gives deltas whose 95% intervals include zero at,first-pass default: reads as a present-tense assertion
README.md,742,10%,HISTORICAL,confidence. `CaseManager` already draws 10% of capacity at random from *below*,context carries a past-tense / correction / superseded marker
README.md,814,100%,HISTORICAL,backwards.** `gargaml` and `stack` fire on 100% and 99.6% of candidates at means,context carries a past-tense / correction / superseded marker
README.md,814,99.6%,HISTORICAL,backwards.** `gargaml` and `stack` fire on 100% and 99.6% of candidates at means,context carries a past-tense / correction / superseded marker
README.md,815,0.915,HISTORICAL,"of 0.915 and 0.910, so only their variance reaches the ranking, and that",context carries a past-tense / correction / superseded marker
README.md,815,0.910,HISTORICAL,"of 0.915 and 0.910, so only their variance reaches the ranking, and that",context carries a past-tense / correction / superseded marker
README.md,817,0.4534,CURRENT,constant they score AUC 0.4534 and 0.4552 — below 0.5 on their own terms.,first-pass default: reads as a present-tense assertion
README.md,817,0.4552,CURRENT,constant they score AUC 0.4534 and 0.4552 — below 0.5 on their own terms.,first-pass default: reads as a present-tense assertion
README.md,818,0.097,CURRENT,Retiring them takes the shipped p@10 from 0.097 to 0.291 and clears the ship,first-pass default: reads as a present-tense assertion
README.md,818,0.291,CURRENT,Retiring them takes the shipped p@10 from 0.097 to 0.291 and clears the ship,first-pass default: reads as a present-tense assertion
README.md,823,0.7036,CURRENT,the strongest single term measured (AUC 0.7036 with size held constant) on 0.035,first-pass default: reads as a present-tense assertion
README.md,823,0.035,CURRENT,the strongest single term measured (AUC 0.7036 with size held constant) on 0.035,first-pass default: reads as a present-tense assertion
README.md,860,0%,CURRENT,"| 1 | Bank IDs zero-padded in transactions, not in accounts | Every registry lookup silently missed; reported 0% of rings cross a border. Truth is 89%. |",first-pass default: reads as a present-tense assertion
README.md,860,89%,CURRENT,"| 1 | Bank IDs zero-padded in transactions, not in accounts | Every registry lookup silently missed; reported 0% of rings cross a border. Truth is 89%. |",first-pass default: reads as a present-tense assertion
README.md,865,0.005,HISTORICAL,| 6 | `amount_key` rounded to 2dp | 0.005 and 0.01 collided in the label join |,context carries a past-tense / correction / superseded marker
README.md,866,47.6%,HISTORICAL,| 7 | **Source CSV not time-ordered** (47.6% of pairs reversed) | Would have fed the detector scrambled time |,context carries a past-tense / correction / superseded marker
README.md,867,0.138,HISTORICAL,| 8 | **Metric rewarded candidate size** | A size-only baseline *tied* the score at p@10 = 0.138; the honest number was about half |,context carries a past-tense / correction / superseded marker
README.md,869,3%,HISTORICAL,"| 10 | Simulated analyst's 3% false-confirm rate | Equalled genuine positives; corpus half noise, model learned nothing |",context carries a past-tense / correction / superseded marker
README.md,870,0.0000,HISTORICAL,"| 11 | Permutation importance on **accuracy**, then on **training data** | Reported 0.0000 for every feature while the model re-ranked 4x better |",context carries a past-tense / correction / superseded marker
README.md,871,91%,HISTORICAL,"| 12 | **Length-2 ""cycles"" are mutual pairs** | 91% of cases flagged CYCLE; the highest-weighted feature was a constant |",context carries a past-tense / correction / superseded marker
README.md,881,7.3x,CURRENT,**1. `Payment Format` is a 7.3x giveaway.** 86.6% of laundering rows are ACH,first-pass default: reads as a present-tense assertion
README.md,881,86.6%,CURRENT,**1. `Payment Format` is a 7.3x giveaway.** 86.6% of laundering rows are ACH,first-pass default: reads as a present-tense assertion
README.md,882,11.8%,CURRENT,"against an 11.8% base rate — a generator artifact, the same class of defect as",first-pass default: reads as a present-tense assertion
README.md,886,91%,CURRENT,**2. The tail is 91% laundering.** Days 0 to 9 carry 99.98% of edges; days 10 to,first-pass default: reads as a present-tense assertion
README.md,889,76.2%,CURRENT,"at day 10, costing 7 rings and tightening the recall ceiling from 76.2% to",first-pass default: reads as a present-tense assertion
README.md,890,73.3%,CURRENT,73.3%.,first-pass default: reads as a present-tense assertion
README.md,903,4.0x,CURRENT,"gives 4.0x lift at only 3.9% recall, because laundering accounts do not",first-pass default: reads as a present-tense assertion
README.md,903,3.9%,CURRENT,"gives 4.0x lift at only 3.9% recall, because laundering accounts do not",first-pass default: reads as a present-tense assertion
README.md,908,82%,CURRENT,82% ring coverage but only 1 to 2% workable: nearly every covered ring lands,first-pass default: reads as a present-tense assertion
README.md,908,2%,CURRENT,82% ring coverage but only 1 to 2% workable: nearly every covered ring lands,first-pass default: reads as a present-tense assertion
README.md,910,100%,CURRENT,median 100% of the ring with neighbourhoods of median 14 nodes. Leiden is,first-pass default: reads as a present-tense assertion
README.md,1057,95%,CURRENT,"reports carries a bootstrap 95% CI resampled over generation cycles, never a",first-pass default: reads as a present-tense assertion
README.md,1080,100%,CURRENT,"self-loops, monotonic, 3,209 of 3,209 ring edges joined (100%). Replay runs at",first-pass default: reads as a present-tense assertion
README.md,1099,26.9%,CURRENT,"| Standard GNN, no adaptations | 26.9% |",first-pass default: reads as a present-tense assertion
README.md,1100,42.9%,CURRENT,| GNN + reverse MP + port numbering + ego IDs | 42.9% |,first-pass default: reads as a present-tense assertion
README.md,1101,57.2%,CURRENT,"| GIN, adapted | 57.2% |",first-pass default: reads as a present-tense assertion
README.md,1102,0.011,HISTORICAL,"| **This project's shipped v1 blend, unsupervised, threshold-free, whole population** | **AP 0.011 (1.7x base rate)** |",context carries a past-tense / correction / superseded marker
README.md,1102,1.7x,HISTORICAL,"| **This project's shipped v1 blend, unsupervised, threshold-free, whole population** | **AP 0.011 (1.7x base rate)** |",context carries a past-tense / correction / superseded marker
README.md,1105,0.068,HISTORICAL,"top-10 slice figure (F1 0.068, ""11x lift"") is a fixed-cardinality-selection",context carries a past-tense / correction / superseded marker
README.md,1111,0.2778,CURRENT,also contains a supervised result — [p@10 0.2778 on a ring-disjoint,first-pass default: reads as a present-tense assertion
README.md,1125,99%,CURRENT,Production rule-based AML runs at **95 to 99% false-positive rates**; alert to,first-pass default: reads as a present-tense assertion
README.md,1126,5%,CURRENT,"SAR conversion is **under 5%, with one bank survey finding 2.8%**. Investigation",first-pass default: reads as a present-tense assertion
README.md,1126,2.8%,CURRENT,"SAR conversion is **under 5%, with one bank survey finding 2.8%**. Investigation",first-pass default: reads as a present-tense assertion
README.md,1129,0.157,CURRENT,p@20 = 0.157 means roughly 16% of the top twenty are real rings — above,first-pass default: reads as a present-tense assertion
README.md,1129,16%,CURRENT,p@20 = 0.157 means roughly 16% of the top twenty are real rings — above,first-pass default: reads as a present-tense assertion
README.md,1132,0.079,HISTORICAL,queue clears break-even by a wide margin at that precision. (It read 0.079 and,context carries a past-tense / correction / superseded marker
README.md,1133,8%,HISTORICAL,"""roughly 8%"" before two anti-signal blend terms were retired; the industry",context carries a past-tense / correction / superseded marker
README.md,1191,50%,CURRENT,reporting a 50% reduction in investigation time.,first-pass default: reads as a present-tense assertion
README.md,1277,6.7%,CURRENT,losses and recovered **₹238.83 crore** — a **6.7% recovery rate**. Cyber fraud,first-pass default: reads as a present-tense assertion
README.md,1278,24%,CURRENT,"overall ran to roughly ₹22,495 crore in 2025, with case volume up 24%.",first-pass default: reads as a present-tense assertion
README.md,1300,0.291,CURRENT,"*A note on which p@k this is.* The precisions in this subsection — 0.291,",first-pass default: reads as a present-tense assertion
README.md,1301,0.157,HISTORICAL,"0.157, 0.076 — are the **shipped queue's** score ranking",context carries a past-tense / correction / superseded marker
README.md,1301,0.076,HISTORICAL,"0.157, 0.076 — are the **shipped queue's** score ranking",context carries a past-tense / correction / superseded marker
README.md,1303,0.097,HISTORICAL,They read 0.097 / 0.079 / 0.043 before two anti-signal blend terms were retired. They are not the,context carries a past-tense / correction / superseded marker
README.md,1303,0.079,HISTORICAL,They read 0.097 / 0.079 / 0.043 before two anti-signal blend terms were retired. They are not the,context carries a past-tense / correction / superseded marker
README.md,1303,0.043,HISTORICAL,They read 0.097 / 0.079 / 0.043 before two anti-signal blend terms were retired. They are not the,context carries a past-tense / correction / superseded marker
README.md,1304,0.2778,HISTORICAL,supervised re-ranker's p@10 of 0.2778 quoted earlier: that model trains on,context carries a past-tense / correction / superseded marker
README.md,1311,0.0056,CURRENT,"once, each by a factor of two — the break-even precision rises from **0.0056",first-pass default: reads as a present-tense assertion
README.md,1312,0.0864,CURRENT,"to 0.0864**. Note that this is harsher than doubling: review cost, benefit and",first-pass default: reads as a present-tense assertion
README.md,1316,0.291,HISTORICAL,"**top 10 and top 20 both still pay** (p@10 = 0.291, p@20 = 0.157 against a",context carries a past-tense / correction / superseded marker
README.md,1316,0.157,HISTORICAL,"**top 10 and top 20 both still pay** (p@10 = 0.291, p@20 = 0.157 against a",context carries a past-tense / correction / superseded marker
README.md,1317,0.0864,HISTORICAL,break-even of 0.0864); top 50 (0.076) and top 100 (0.041) do not. Before the,context carries a past-tense / correction / superseded marker
README.md,1317,0.076,HISTORICAL,break-even of 0.0864); top 50 (0.076) and top 100 (0.041) do not. Before the,context carries a past-tense / correction / superseded marker
README.md,1317,0.041,HISTORICAL,break-even of 0.0864); top 50 (0.076) and top 100 (0.041) do not. Before the,context carries a past-tense / correction / superseded marker
README.md,1322,0.0864,CURRENT,"finding.** Two is a convention, not a measurement, and top 10 clears 0.0864 by",first-pass default: reads as a present-tense assertion
README.md,1324,0.0282,CURRENT,0.0282 and top 10 pays; at x2 it is 0.0864 and top 10 still pays; at **x2.06 it,first-pass default: reads as a present-tense assertion
README.md,1324,0.0864,CURRENT,0.0282 and top 10 pays; at x2 it is 0.0864 and top 10 still pays; at **x2.06 it,first-pass default: reads as a present-tense assertion
README.md,1325,0.1979,CURRENT,stops paying**; at x2.5 it is 0.1979 and no depth pays at any k.,first-pass default: reads as a present-tense assertion
README.md,1329,0.1x,CURRENT,"0.1x-10x band its one-at-a-time sweep uses, and reports a break-even of",first-pass default: reads as a present-tense assertion
docs/ARCHITECTURE-V2.md,53,80%,CURRENT,- **Pass-through velocity** — the core signal. ≥80% of inflow forwarded within,first-pass default: reads as a present-tense assertion
docs/ARCHITECTURE-V2.md,70,0.867,CURRENT,component carries real weight — removing it drops recall from 0.867 to 0.805.,first-pass default: reads as a present-tense assertion
docs/ARCHITECTURE-V2.md,70,0.805,CURRENT,component carries real weight — removing it drops recall from 0.867 to 0.805.,first-pass default: reads as a present-tense assertion
docs/ARCHITECTURE-V2.md,86,3%,CURRENT,smurfing structure directly — the BIPARTITE and STACK shapes where v1 scores 3%,first-pass default: reads as a present-tense assertion
docs/ARCHITECTURE-V2.md,87,7%,CURRENT,and 7%.,first-pass default: reads as a present-tense assertion
docs/ARCHITECTURE-V2.md,99,60%,CURRENT,"v1                ~60% of GFP        none               stub, thin here",first-pass default: reads as a present-tense assertion
docs/ARCHITECTURE-V2.md,100,100%,CURRENT,GFP               100%               vertex stats       —,first-pass default: reads as a present-tense assertion
docs/ARCHITECTURE-V2.md,106,78.6%,CURRENT,the seed trigger reaches 78.6% of ring accounts and expansion recovers a median,first-pass default: reads as a present-tense assertion
docs/ARCHITECTURE-V2.md,107,100%,CURRENT,100% of a ring — yet only 18.1% surface. **The rings are being generated and,first-pass default: reads as a present-tense assertion
docs/ARCHITECTURE-V2.md,107,18.1%,CURRENT,100% of a ring — yet only 18.1% surface. **The rings are being generated and,first-pass default: reads as a present-tense assertion
docs/ARCHITECTURE-V2.md,154,78.6%,CURRENT,Pass-through alone gives 78.6% recall at 2.0× lift. Add two MuleHunter-derived,first-pass default: reads as a present-tense assertion
docs/ARCHITECTURE-V2.md,154,2.0×,CURRENT,Pass-through alone gives 78.6% recall at 2.0× lift. Add two MuleHunter-derived,first-pass default: reads as a present-tense assertion
docs/ARCHITECTURE-V2.md,170,11%,CURRENT,sharply and directly targets the CYCLE typology now at 11%.,first-pass default: reads as a present-tense assertion
docs/ARCHITECTURE-V2.md,174,3%,CURRENT,BIPARTITE (3%) and STACK (7%).,first-pass default: reads as a present-tense assertion
docs/ARCHITECTURE-V2.md,174,7%,CURRENT,BIPARTITE (3%) and STACK (7%).,first-pass default: reads as a present-tense assertion
docs/ARCHITECTURE-V2.md,207,11%,CURRENT,| Temporal cycles | Removes chance cycles; targets CYCLE (11%) | high |,first-pass default: reads as a present-tense assertion
docs/ARCHITECTURE_UPLIFT.md,12,0.2285,HISTORICAL,">    seeding is now **AP 0.2285, p@10 0.2778, p@20 0.1500** (was AP 0.1875,",context carries a past-tense / correction / superseded marker
docs/ARCHITECTURE_UPLIFT.md,12,0.2778,HISTORICAL,">    seeding is now **AP 0.2285, p@10 0.2778, p@20 0.1500** (was AP 0.1875,",context carries a past-tense / correction / superseded marker
docs/ARCHITECTURE_UPLIFT.md,12,0.1500,HISTORICAL,">    seeding is now **AP 0.2285, p@10 0.2778, p@20 0.1500** (was AP 0.1875,",context carries a past-tense / correction / superseded marker
docs/ARCHITECTURE_UPLIFT.md,12,0.1875,HISTORICAL,">    seeding is now **AP 0.2285, p@10 0.2778, p@20 0.1500** (was AP 0.1875,",context carries a past-tense / correction / superseded marker
docs/ARCHITECTURE_UPLIFT.md,13,0.239,HISTORICAL,">    p@10 0.239, p@20 0.153); perfect seeding is now **AP 0.0889, p@10 0.3833,",context carries a past-tense / correction / superseded marker
docs/ARCHITECTURE_UPLIFT.md,13,0.153,HISTORICAL,">    p@10 0.239, p@20 0.153); perfect seeding is now **AP 0.0889, p@10 0.3833,",context carries a past-tense / correction / superseded marker
docs/ARCHITECTURE_UPLIFT.md,13,0.0889,HISTORICAL,">    p@10 0.239, p@20 0.153); perfect seeding is now **AP 0.0889, p@10 0.3833,",context carries a past-tense / correction / superseded marker
docs/ARCHITECTURE_UPLIFT.md,13,0.3833,HISTORICAL,">    p@10 0.239, p@20 0.153); perfect seeding is now **AP 0.0889, p@10 0.3833,",context carries a past-tense / correction / superseded marker
docs/ARCHITECTURE_UPLIFT.md,14,0.2639,HISTORICAL,">    p@20 0.2639** (was AP 0.2678, p@10 0.467, p@20 0.475). The table below is",context carries a past-tense / correction / superseded marker
docs/ARCHITECTURE_UPLIFT.md,14,0.2678,HISTORICAL,">    p@20 0.2639** (was AP 0.2678, p@10 0.467, p@20 0.475). The table below is",context carries a past-tense / correction / superseded marker
docs/ARCHITECTURE_UPLIFT.md,14,0.467,HISTORICAL,">    p@20 0.2639** (was AP 0.2678, p@10 0.467, p@20 0.475). The table below is",context carries a past-tense / correction / superseded marker
docs/ARCHITECTURE_UPLIFT.md,14,0.475,HISTORICAL,">    p@20 0.2639** (was AP 0.2678, p@10 0.467, p@20 0.475). The table below is",context carries a past-tense / correction / superseded marker
docs/ARCHITECTURE_UPLIFT.md,16,0.239,HISTORICAL,">    §0 prose around it, and every downstream sentence that reasons from 0.239",context carries a past-tense / correction / superseded marker
docs/ARCHITECTURE_UPLIFT.md,17,0.467,HISTORICAL,">    or 0.467, still quotes the old pool and has **not** been rewritten.",context carries a past-tense / correction / superseded marker
docs/ARCHITECTURE_UPLIFT.md,18,2.8×,HISTORICAL,"> 2. **""The oracle says the existing ~50 features hold ~2.8× more signal""**",context carries a past-tense / correction / superseded marker
docs/ARCHITECTURE_UPLIFT.md,25,5.56×,HISTORICAL,">    `oracle_over_blend`: **5.56× at k=10, 3.86× at k=20, 2.82× at k=50**.",context carries a past-tense / correction / superseded marker
docs/ARCHITECTURE_UPLIFT.md,25,3.86×,HISTORICAL,">    `oracle_over_blend`: **5.56× at k=10, 3.86× at k=20, 2.82× at k=50**.",context carries a past-tense / correction / superseded marker
docs/ARCHITECTURE_UPLIFT.md,25,2.82×,HISTORICAL,">    `oracle_over_blend`: **5.56× at k=10, 3.86× at k=20, 2.82× at k=50**.",context carries a past-tense / correction / superseded marker
docs/ARCHITECTURE_UPLIFT.md,69,63%,CURRENT,| rings seeded / built / ranked-top-50 (of 230 seeded) | 230 / 162 (63%) / 49 (19%) |,first-pass default: reads as a present-tense assertion
docs/ARCHITECTURE_UPLIFT.md,69,19%,CURRENT,| rings seeded / built / ranked-top-50 (of 230 seeded) | 230 / 162 (63%) / 49 (19%) |,first-pass default: reads as a present-tense assertion
docs/ARCHITECTURE_UPLIFT.md,70,20.1%,CURRENT,| ring recall | 20.1% |,first-pass default: reads as a present-tense assertion
docs/ARCHITECTURE_UPLIFT.md,71,0.097,CURRENT,"| p@10 / p@20 / p@50 (score, post-prune) | 0.097 / 0.079 / 0.043 |",first-pass default: reads as a present-tense assertion
docs/ARCHITECTURE_UPLIFT.md,71,0.079,CURRENT,"| p@10 / p@20 / p@50 (score, post-prune) | 0.097 / 0.079 / 0.043 |",first-pass default: reads as a present-tense assertion
docs/ARCHITECTURE_UPLIFT.md,71,0.043,CURRENT,"| p@10 / p@20 / p@50 (score, post-prune) | 0.097 / 0.079 / 0.043 |",first-pass default: reads as a present-tense assertion
docs/ARCHITECTURE_UPLIFT.md,72,0.088,CURRENT,"| p@10 / p@20 / p@50 (size baseline, post-prune) | 0.088 / 0.074 / 0.049 |",first-pass default: reads as a present-tense assertion
docs/ARCHITECTURE_UPLIFT.md,72,0.074,CURRENT,"| p@10 / p@20 / p@50 (size baseline, post-prune) | 0.088 / 0.074 / 0.049 |",first-pass default: reads as a present-tense assertion
docs/ARCHITECTURE_UPLIFT.md,72,0.049,CURRENT,"| p@10 / p@20 / p@50 (size baseline, post-prune) | 0.088 / 0.074 / 0.049 |",first-pass default: reads as a present-tense assertion
docs/ARCHITECTURE_UPLIFT.md,73,0.009,HISTORICAL,"| paired (score − size), post-prune | k=10 +0.009 [−0.027,+0.041]; k=20 +0.006 [−0.021,+0.031]; k=50 −0.007 [−0.019,+0.005]; k=100 −0.009 [−0.016,−0.002] |",context carries a past-tense / correction / superseded marker
docs/ARCHITECTURE_UPLIFT.md,73,0.027,HISTORICAL,"| paired (score − size), post-prune | k=10 +0.009 [−0.027,+0.041]; k=20 +0.006 [−0.021,+0.031]; k=50 −0.007 [−0.019,+0.005]; k=100 −0.009 [−0.016,−0.002] |",context carries a past-tense / correction / superseded marker
docs/ARCHITECTURE_UPLIFT.md,73,0.041,HISTORICAL,"| paired (score − size), post-prune | k=10 +0.009 [−0.027,+0.041]; k=20 +0.006 [−0.021,+0.031]; k=50 −0.007 [−0.019,+0.005]; k=100 −0.009 [−0.016,−0.002] |",context carries a past-tense / correction / superseded marker
docs/ARCHITECTURE_UPLIFT.md,73,0.006,HISTORICAL,"| paired (score − size), post-prune | k=10 +0.009 [−0.027,+0.041]; k=20 +0.006 [−0.021,+0.031]; k=50 −0.007 [−0.019,+0.005]; k=100 −0.009 [−0.016,−0.002] |",context carries a past-tense / correction / superseded marker
docs/ARCHITECTURE_UPLIFT.md,73,0.021,HISTORICAL,"| paired (score − size), post-prune | k=10 +0.009 [−0.027,+0.041]; k=20 +0.006 [−0.021,+0.031]; k=50 −0.007 [−0.019,+0.005]; k=100 −0.009 [−0.016,−0.002] |",context carries a past-tense / correction / superseded marker
docs/ARCHITECTURE_UPLIFT.md,73,0.031,HISTORICAL,"| paired (score − size), post-prune | k=10 +0.009 [−0.027,+0.041]; k=20 +0.006 [−0.021,+0.031]; k=50 −0.007 [−0.019,+0.005]; k=100 −0.009 [−0.016,−0.002] |",context carries a past-tense / correction / superseded marker
docs/ARCHITECTURE_UPLIFT.md,73,0.007,HISTORICAL,"| paired (score − size), post-prune | k=10 +0.009 [−0.027,+0.041]; k=20 +0.006 [−0.021,+0.031]; k=50 −0.007 [−0.019,+0.005]; k=100 −0.009 [−0.016,−0.002] |",context carries a past-tense / correction / superseded marker
docs/ARCHITECTURE_UPLIFT.md,73,0.019,HISTORICAL,"| paired (score − size), post-prune | k=10 +0.009 [−0.027,+0.041]; k=20 +0.006 [−0.021,+0.031]; k=50 −0.007 [−0.019,+0.005]; k=100 −0.009 [−0.016,−0.002] |",context carries a past-tense / correction / superseded marker
docs/ARCHITECTURE_UPLIFT.md,73,0.005,HISTORICAL,"| paired (score − size), post-prune | k=10 +0.009 [−0.027,+0.041]; k=20 +0.006 [−0.021,+0.031]; k=50 −0.007 [−0.019,+0.005]; k=100 −0.009 [−0.016,−0.002] |",context carries a past-tense / correction / superseded marker
docs/ARCHITECTURE_UPLIFT.md,73,0.009,HISTORICAL,"| paired (score − size), post-prune | k=10 +0.009 [−0.027,+0.041]; k=20 +0.006 [−0.021,+0.031]; k=50 −0.007 [−0.019,+0.005]; k=100 −0.009 [−0.016,−0.002] |",context carries a past-tense / correction / superseded marker
docs/ARCHITECTURE_UPLIFT.md,73,0.016,HISTORICAL,"| paired (score − size), post-prune | k=10 +0.009 [−0.027,+0.041]; k=20 +0.006 [−0.021,+0.031]; k=50 −0.007 [−0.019,+0.005]; k=100 −0.009 [−0.016,−0.002] |",context carries a past-tense / correction / superseded marker
docs/ARCHITECTURE_UPLIFT.md,73,0.002,HISTORICAL,"| paired (score − size), post-prune | k=10 +0.009 [−0.027,+0.041]; k=20 +0.006 [−0.021,+0.031]; k=50 −0.007 [−0.019,+0.005]; k=100 −0.009 [−0.016,−0.002] |",context carries a past-tense / correction / superseded marker
docs/ARCHITECTURE_UPLIFT.md,75,0.2285,HISTORICAL,"| oracle (LightGBM, true labels, same features), real seeding | AP 0.2285, p@10 0.2778, p@20 0.1500 *(was AP 0.1875, p@10 0.239, p@20 0.153 — that row predates the current post-prune run of `scripts/eval_oracle.py`)* |",context carries a past-tense / correction / superseded marker
docs/ARCHITECTURE_UPLIFT.md,75,0.2778,HISTORICAL,"| oracle (LightGBM, true labels, same features), real seeding | AP 0.2285, p@10 0.2778, p@20 0.1500 *(was AP 0.1875, p@10 0.239, p@20 0.153 — that row predates the current post-prune run of `scripts/eval_oracle.py`)* |",context carries a past-tense / correction / superseded marker
docs/ARCHITECTURE_UPLIFT.md,75,0.1500,HISTORICAL,"| oracle (LightGBM, true labels, same features), real seeding | AP 0.2285, p@10 0.2778, p@20 0.1500 *(was AP 0.1875, p@10 0.239, p@20 0.153 — that row predates the current post-prune run of `scripts/eval_oracle.py`)* |",context carries a past-tense / correction / superseded marker
docs/ARCHITECTURE_UPLIFT.md,75,0.1875,HISTORICAL,"| oracle (LightGBM, true labels, same features), real seeding | AP 0.2285, p@10 0.2778, p@20 0.1500 *(was AP 0.1875, p@10 0.239, p@20 0.153 — that row predates the current post-prune run of `scripts/eval_oracle.py`)* |",context carries a past-tense / correction / superseded marker
docs/ARCHITECTURE_UPLIFT.md,75,0.239,HISTORICAL,"| oracle (LightGBM, true labels, same features), real seeding | AP 0.2285, p@10 0.2778, p@20 0.1500 *(was AP 0.1875, p@10 0.239, p@20 0.153 — that row predates the current post-prune run of `scripts/eval_oracle.py`)* |",context carries a past-tense / correction / superseded marker
docs/ARCHITECTURE_UPLIFT.md,75,0.153,HISTORICAL,"| oracle (LightGBM, true labels, same features), real seeding | AP 0.2285, p@10 0.2778, p@20 0.1500 *(was AP 0.1875, p@10 0.239, p@20 0.153 — that row predates the current post-prune run of `scripts/eval_oracle.py`)* |",context carries a past-tense / correction / superseded marker
docs/ARCHITECTURE_UPLIFT.md,76,0.0889,HISTORICAL,"| oracle, perfect seeding (run 2, seed-cheat diagnostic) | AP 0.0889, p@10 0.3833, p@20 0.2639 *(was AP 0.2678, p@10 0.467, p@20 0.475 — same reason)* |",context carries a past-tense / correction / superseded marker
docs/ARCHITECTURE_UPLIFT.md,76,0.3833,HISTORICAL,"| oracle, perfect seeding (run 2, seed-cheat diagnostic) | AP 0.0889, p@10 0.3833, p@20 0.2639 *(was AP 0.2678, p@10 0.467, p@20 0.475 — same reason)* |",context carries a past-tense / correction / superseded marker
docs/ARCHITECTURE_UPLIFT.md,76,0.2639,HISTORICAL,"| oracle, perfect seeding (run 2, seed-cheat diagnostic) | AP 0.0889, p@10 0.3833, p@20 0.2639 *(was AP 0.2678, p@10 0.467, p@20 0.475 — same reason)* |",context carries a past-tense / correction / superseded marker
docs/ARCHITECTURE_UPLIFT.md,76,0.2678,HISTORICAL,"| oracle, perfect seeding (run 2, seed-cheat diagnostic) | AP 0.0889, p@10 0.3833, p@20 0.2639 *(was AP 0.2678, p@10 0.467, p@20 0.475 — same reason)* |",context carries a past-tense / correction / superseded marker
docs/ARCHITECTURE_UPLIFT.md,76,0.467,HISTORICAL,"| oracle, perfect seeding (run 2, seed-cheat diagnostic) | AP 0.0889, p@10 0.3833, p@20 0.2639 *(was AP 0.2678, p@10 0.467, p@20 0.475 — same reason)* |",context carries a past-tense / correction / superseded marker
docs/ARCHITECTURE_UPLIFT.md,76,0.475,HISTORICAL,"| oracle, perfect seeding (run 2, seed-cheat diagnostic) | AP 0.0889, p@10 0.3833, p@20 0.2639 *(was AP 0.2678, p@10 0.467, p@20 0.475 — same reason)* |",context carries a past-tense / correction / superseded marker
docs/ARCHITECTURE_UPLIFT.md,78,0.0113,HISTORICAL,| threshold-free transaction level | AP 0.0113 vs 0.0067 base = 1.7× |,context carries a past-tense / correction / superseded marker
docs/ARCHITECTURE_UPLIFT.md,78,0.0067,HISTORICAL,| threshold-free transaction level | AP 0.0113 vs 0.0067 base = 1.7× |,context carries a past-tense / correction / superseded marker
docs/ARCHITECTURE_UPLIFT.md,78,1.7×,HISTORICAL,| threshold-free transaction level | AP 0.0113 vs 0.0067 base = 1.7× |,context carries a past-tense / correction / superseded marker
docs/ARCHITECTURE_UPLIFT.md,79,73.3%,CURRENT,| structural recall ceiling | 73.3% |,first-pass default: reads as a present-tense assertion
docs/ARCHITECTURE_UPLIFT.md,83,0.239,CURRENT,1. **The scorer is the bottleneck.** The oracle gets p@10 0.239 on the *same*,first-pass default: reads as a present-tense assertion
docs/ARCHITECTURE_UPLIFT.md,84,0.085,CURRENT,"features the hand-set blend gets 0.085 on. After pruning, the blend's margin",first-pass default: reads as a present-tense assertion
docs/ARCHITECTURE_UPLIFT.md,94,2.8×,HISTORICAL,to 8.2 nodes and changed which rings are reachable. The 2.8× gap is a claim,context carries a past-tense / correction / superseded marker
docs/ARCHITECTURE_UPLIFT.md,109,0.239,HISTORICAL,- The oracle's p@10 = 0.239 is computed over **held-out test cycles only**,context carries a past-tense / correction / superseded marker
docs/ARCHITECTURE_UPLIFT.md,110,0.097,HISTORICAL,"(`ring_time_split`, ~17 cycles). The blend's 0.097 is over **all 34 cycles**.",context carries a past-tense / correction / superseded marker
docs/ARCHITECTURE_UPLIFT.md,111,2.8×,CURRENT,"These are not the same denominator. The ""2.8×"" is quotable only after the",first-pass default: reads as a present-tense assertion
docs/ARCHITECTURE_UPLIFT.md,200,50%,CURRENT,"near-constants (`gather_scatter` fires on 50% of candidates, `cross_border` on",first-pass default: reads as a present-tense assertion
docs/ARCHITECTURE_UPLIFT.md,201,61%,CURRENT,61%): an LF that almost never abstains and almost always votes the same way,first-pass default: reads as a present-tense assertion
docs/ARCHITECTURE_UPLIFT.md,259,0.1875,HISTORICAL,the oracle twice. The delta is a *measurement* of how much of the 0.1875 AP,context carries a past-tense / correction / superseded marker
docs/ARCHITECTURE_UPLIFT.md,465,10%,CURRENT,"- up to 10% lift in payment success rates (routing, not fraud)",first-pass default: reads as a present-tense assertion
docs/ARCHITECTURE_UPLIFT.md,489,10%,HISTORICAL,"| **Feature store** | offline/online parity, point-in-time correctness | **Already have the valuable 10%.** `Case` snapshots features at alert time and `reranker.fit` reads them rather than recomputing — that is train/serve consistency and point-in-time correctness, which is the entire reason featur",context carries a past-tense / correction / superseded marker
docs/ARCHITECTURE_UPLIFT.md,490,98%,HISTORICAL,| **GPU graph analytics (RAPIDS cuGraph)** | GPU PageRank/Louvain/BFS at billion-edge scale ([docs](https://docs.rapids.ai/api/cugraph/stable/)) | **Not worth doing. Skip it.** The hot path operates on **7.7-node subgraphs** [measured today] — kernel-launch overhead alone would dominate. cuGraph's p,context carries a past-tense / correction / superseded marker
docs/ARCHITECTURE_UPLIFT.md,490,2.5×,HISTORICAL,| **GPU graph analytics (RAPIDS cuGraph)** | GPU PageRank/Louvain/BFS at billion-edge scale ([docs](https://docs.rapids.ai/api/cugraph/stable/)) | **Not worth doing. Skip it.** The hot path operates on **7.7-node subgraphs** [measured today] — kernel-launch overhead alone would dominate. cuGraph's p,context carries a past-tense / correction / superseded marker
docs/ARCHITECTURE_UPLIFT.md,491,2.8×,HISTORICAL,"| **~3,000 signals/transaction** | massive feature breadth | **Do not chase feature count.** The oracle says the existing ~50 features hold ~2.8× more signal than the blend extracts. Adding 2,950 features to a system not using the 50 it has is cargo cult. |",context carries a past-tense / correction / superseded marker
docs/ARCHITECTURE_UPLIFT.md,596,99%,CURRENT,transparent blend with an opaque model. It also explains the industry's 95–99%,first-pass default: reads as a present-tense assertion
docs/ARCHITECTURE_UPLIFT.md,621,2.9%,CURRENT,"nothing post-prune. `suppressed: 1,651` (2.9%). **This kills the obvious",first-pass default: reads as a present-tense assertion
docs/ARCHITECTURE_UPLIFT.md,633,57.7%,CURRENT,| `features.build` | **57.7%** (50.4% self) |,first-pass default: reads as a present-tense assertion
docs/ARCHITECTURE_UPLIFT.md,633,50.4%,CURRENT,| `features.build` | **57.7%** (50.4% self) |,first-pass default: reads as a present-tense assertion
docs/ARCHITECTURE_UPLIFT.md,634,15.4%,CURRENT,| `merge.suppress` | 15.4% (21.5M `jaccard` calls) |,first-pass default: reads as a present-tense assertion
docs/ARCHITECTURE_UPLIFT.md,635,11.4%,CURRENT,| `prune` | 11.4% (mostly `subgraph_edges`) |,first-pass default: reads as a present-tense assertion
docs/ARCHITECTURE_UPLIFT.md,636,8.2%,CURRENT,| `motifs.detect` | 8.2% |,first-pass default: reads as a present-tense assertion
docs/ARCHITECTURE_UPLIFT.md,637,1.3%,CURRENT,| `expand_traced` | 1.3% |,first-pass default: reads as a present-tense assertion
docs/ARCHITECTURE_UPLIFT.md,646,76%,CURRENT,| **boundary-flow loop** | **2.820** | **76%** |,first-pass default: reads as a present-tense assertion
docs/ARCHITECTURE_UPLIFT.md,647,0.815,CURRENT,| everything else in build | 0.815 | 22% |,first-pass default: reads as a present-tense assertion
docs/ARCHITECTURE_UPLIFT.md,647,22%,CURRENT,| everything else in build | 0.815 | 22% |,first-pass default: reads as a present-tense assertion
docs/ARCHITECTURE_UPLIFT.md,648,0.015,CURRENT,| registry block | 0.015 | 0.4% |,first-pass default: reads as a present-tense assertion
docs/ARCHITECTURE_UPLIFT.md,648,0.4%,CURRENT,| registry block | 0.015 | 0.4% |,first-pass default: reads as a present-tense assertion
docs/ARCHITECTURE_UPLIFT.md,649,0.031,CURRENT,| account-stats block | 0.031 | 0.8% |,first-pass default: reads as a present-tense assertion
docs/ARCHITECTURE_UPLIFT.md,649,0.8%,CURRENT,| account-stats block | 0.031 | 0.8% |,first-pass default: reads as a present-tense assertion
docs/ARCHITECTURE_UPLIFT.md,650,0.294,CURRENT,"| (`subgraph_edges`, for reference) | 0.294 | — |",first-pass default: reads as a present-tense assertion
docs/ARCHITECTURE_UPLIFT.md,651,0.174,CURRENT,"| (`motifs.detect`, for reference) | 0.174 | — |",first-pass default: reads as a present-tense assertion
docs/ARCHITECTURE_UPLIFT.md,653,44%,CURRENT,**One nested loop is ~44% of total cycle time.** `features.build` lines 160–166,first-pass default: reads as a present-tense assertion
docs/ARCHITECTURE_UPLIFT.md,659,8%,HISTORICAL,"enumeration is only 8% (not the bottleneck), and seed redundancy is negligible",context carries a past-tense / correction / superseded marker
docs/ARCHITECTURE_UPLIFT.md,666,1.5×,HISTORICAL,"| **1** | **Maintain per-node total in/out amount incrementally** in `add_batch`/`_expire` (O(1) per edge), then compute boundary flow as `Σ_members total_in(n) − Σ_internal_edges amount`. | **~1.5× overall** (removes ~44% of cycle) | **S** | **Exact.** inflow = Σ_{n∈C} Σ_{s∉C} amt(s→n) = Σ_{n∈C} to",context carries a past-tense / correction / superseded marker
docs/ARCHITECTURE_UPLIFT.md,666,44%,HISTORICAL,"| **1** | **Maintain per-node total in/out amount incrementally** in `add_batch`/`_expire` (O(1) per edge), then compute boundary flow as `Σ_members total_in(n) − Σ_internal_edges amount`. | **~1.5× overall** (removes ~44% of cycle) | **S** | **Exact.** inflow = Σ_{n∈C} Σ_{s∉C} amt(s→n) = Σ_{n∈C} to",context carries a past-tense / correction / superseded marker
docs/ARCHITECTURE_UPLIFT.md,667,1.2×,HISTORICAL,"| **2** | **Compute `subgraph_edges` once per candidate** and thread it through prune, motifs and features. | ~1.2× overall | **S** | Exact; pure plumbing. |",context carries a past-tense / correction / superseded marker
docs/ARCHITECTURE_UPLIFT.md,668,1.15×,HISTORICAL,"| **3** | **Size-bound pre-rejection in `merge.suppress`.** Jaccard ≥ t implies min(\|A\|,\|B\|)/max(\|A\|,\|B\|) ≥ t. Compare sizes before intersecting. Also cap or bucket `by_node` lists for very high-degree nodes. | ~1.1–1.15× overall (2–4× on suppress) | **S** | Exact — the size bound is a neces",context carries a past-tense / correction / superseded marker
docs/ARCHITECTURE_UPLIFT.md,669,1.05×,HISTORICAL,"| **4** | **Hub-membership guard**: exclude nodes above a degree threshold from candidate *membership*, not just from traversal. | ~1.05×, and possibly a **quality** gain | **S** | **NOT exact — a detector change; must go through §1.5's full paired evaluation.** Motivation is quality: a degree-13,01",context carries a past-tense / correction / superseded marker
docs/ARCHITECTURE_UPLIFT.md,671,1.05×,HISTORICAL,| 6 | Drop networkx from the motif path for hand-rolled dict adjacency. | ~1.05× | M | Exact. **Only 8% of the budget — do this last if at all.** |,context carries a past-tense / correction / superseded marker
docs/ARCHITECTURE_UPLIFT.md,671,8%,HISTORICAL,| 6 | Drop networkx from the motif path for hand-rolled dict adjacency. | ~1.05× | M | Exact. **Only 8% of the budget — do this last if at all.** |,context carries a past-tense / correction / superseded marker
docs/ARCHITECTURE_UPLIFT.md,672,1.5×,HISTORICAL,"| 7 | Two-stage scoring: cheap pre-score on all, exact motifs on top-N. | 1.3–1.5× | M | **Not exact.** Gate on measuring ""recall of the expensive stage's top-50 by the cheap stage's top-N ≥ 0.99"" before adopting. Risk of cascade bias. |",context carries a past-tense / correction / superseded marker
docs/ARCHITECTURE_UPLIFT.md,678,40%,CURRENT,metric — and together they should take the cycle to roughly **40% of current,first-pass default: reads as a present-tense assertion
docs/ARCHITECTURE_UPLIFT.md,679,2.5×,CURRENT,"time (~2.5×)**, turning the 40-minute paired A/B into ~8 minutes with change 5",first-pass default: reads as a present-tense assertion
docs/ARCHITECTURE_UPLIFT.md,817,100%,CURRENT,verifiable against case data. Target 100%; report the actual.,first-pass default: reads as a present-tense assertion
docs/ARCHITECTURE_UPLIFT.md,842,1.5×,HISTORICAL,"| **0.1** | **Re-run the oracle post-prune.** | The whole centrepiece rests on a number measured on a candidate pool that no longer exists. **I expect oracle p@10 to fall somewhat (smaller, tighter pool) but the oracle/blend ratio to stay ≥ 2×. If the ratio collapses below ~1.5×, §1 is wrong and sho",context carries a past-tense / correction / superseded marker
docs/ARCHITECTURE_UPLIFT.md,846,1.32×,CURRENT,"> post-fix, one provenance) gives **1.32× / 1.42× / 1.31×** at k=10/20/50 —",first-pass default: reads as a present-tense assertion
docs/ARCHITECTURE_UPLIFT.md,846,1.42×,CURRENT,"> post-fix, one provenance) gives **1.32× / 1.42× / 1.31×** at k=10/20/50 —",first-pass default: reads as a present-tense assertion
docs/ARCHITECTURE_UPLIFT.md,846,1.31×,CURRENT,"> post-fix, one provenance) gives **1.32× / 1.42× / 1.31×** at k=10/20/50 —",first-pass default: reads as a present-tense assertion
docs/ARCHITECTURE_UPLIFT.md,847,0.2500,DERIVED,> supervised 0.2500 / 0.1417 / 0.0611 against the blend's 0.1889 / 0.1000 /,line asserts a relationship between two numbers
docs/ARCHITECTURE_UPLIFT.md,847,0.1417,DERIVED,> supervised 0.2500 / 0.1417 / 0.0611 against the blend's 0.1889 / 0.1000 /,line asserts a relationship between two numbers
docs/ARCHITECTURE_UPLIFT.md,847,0.0611,DERIVED,> supervised 0.2500 / 0.1417 / 0.0611 against the blend's 0.1889 / 0.1000 /,line asserts a relationship between two numbers
docs/ARCHITECTURE_UPLIFT.md,847,0.1889,DERIVED,> supervised 0.2500 / 0.1417 / 0.0611 against the blend's 0.1889 / 0.1000 /,line asserts a relationship between two numbers
docs/ARCHITECTURE_UPLIFT.md,847,0.1000,DERIVED,> supervised 0.2500 / 0.1417 / 0.0611 against the blend's 0.1889 / 0.1000 /,line asserts a relationship between two numbers
docs/ARCHITECTURE_UPLIFT.md,848,0.0467,CURRENT,"> 0.0467. That is **well below the ~1.5× kill line, against a pre-registration",first-pass default: reads as a present-tense assertion
docs/ARCHITECTURE_UPLIFT.md,848,1.5×,CURRENT,"> 0.0467. That is **well below the ~1.5× kill line, against a pre-registration",first-pass default: reads as a present-tense assertion
docs/ARCHITECTURE_UPLIFT.md,853,1.47×,HISTORICAL,"> (An earlier note here read 1.47× / 1.50× / 1.48×, from `data/eval_ranker.json`.",context carries a past-tense / correction / superseded marker
docs/ARCHITECTURE_UPLIFT.md,853,1.50×,HISTORICAL,"> (An earlier note here read 1.47× / 1.50× / 1.48×, from `data/eval_ranker.json`.",context carries a past-tense / correction / superseded marker
docs/ARCHITECTURE_UPLIFT.md,853,1.48×,HISTORICAL,"> (An earlier note here read 1.47× / 1.50× / 1.48×, from `data/eval_ranker.json`.",context carries a past-tense / correction / superseded marker
docs/ARCHITECTURE_UPLIFT.md,856,1.5×,HISTORICAL,> it. Both provenances are below 1.5×; the clean one is the headline.),context carries a past-tense / correction / superseded marker
docs/ARCHITECTURE_UPLIFT.md,865,1.18×,CURRENT,"> - The **perfect-seeding arm gives 1.18× / 1.13× / 1.22×**, with the k=20",first-pass default: reads as a present-tense assertion
docs/ARCHITECTURE_UPLIFT.md,865,1.13×,CURRENT,"> - The **perfect-seeding arm gives 1.18× / 1.13× / 1.22×**, with the k=20",first-pass default: reads as a present-tense assertion
docs/ARCHITECTURE_UPLIFT.md,865,1.22×,CURRENT,"> - The **perfect-seeding arm gives 1.18× / 1.13× / 1.22×**, with the k=20",first-pass default: reads as a present-tense assertion
docs/ARCHITECTURE_UPLIFT.md,867,2.2×,CURRENT,>   *seeding* instead of the weights. The same blend gains ~2.2× at k=10 from,first-pass default: reads as a present-tense assertion
docs/ARCHITECTURE_UPLIFT.md,868,0.1889,HISTORICAL,">   the seed cheat alone (0.1889 -> 0.4111), against 1.32× from replacing the",context carries a past-tense / correction / superseded marker
docs/ARCHITECTURE_UPLIFT.md,868,0.4111,HISTORICAL,">   the seed cheat alone (0.1889 -> 0.4111), against 1.32× from replacing the",context carries a past-tense / correction / superseded marker
docs/ARCHITECTURE_UPLIFT.md,868,1.32×,HISTORICAL,">   the seed cheat alone (0.1889 -> 0.4111), against 1.32× from replacing the",context carries a past-tense / correction / superseded marker
docs/ARCHITECTURE_UPLIFT.md,878,0.097,HISTORICAL,"| **0.2** | Evaluate the v1 blend restricted to the oracle's held-out cycles. | Small change to 0.097; makes the ""2.8×"" apples-to-apples. Also delete the stale `interpretation` field in `eval_oracle.json`. |",context carries a past-tense / correction / superseded marker
docs/ARCHITECTURE_UPLIFT.md,878,2.8×,HISTORICAL,"| **0.2** | Evaluate the v1 blend restricted to the oracle's held-out cycles. | Small change to 0.097; makes the ""2.8×"" apples-to-apples. Also delete the stale `interpretation` field in `eval_oracle.json`. |",context carries a past-tense / correction / superseded marker
docs/ARCHITECTURE_UPLIFT.md,879,40%,HISTORICAL,"| **0.3** | Efficiency items **1, 2, 3, 5** (§5.2 — all exact). | **Cycle time to ~40% of current; every metric byte-identical.** Assert identical candidate sets on a fixture — if any metric moves, one of the four is not exact and must be reverted. |",context carries a past-tense / correction / superseded marker
docs/ARCHITECTURE_UPLIFT.md,931,2.8×,CURRENT,"possible that most of the 2.8× gap is size exploitation plus label access, and",first-pass default: reads as a present-tense assertion
docs/ARCHITECTURE_UPLIFT.md,976,0.2778,CURRENT,"| pointwise (LGBMClassifier, all features) | **0.2778** | 0.1500 | 0.0689 |",first-pass default: reads as a present-tense assertion
docs/ARCHITECTURE_UPLIFT.md,976,0.1500,CURRENT,"| pointwise (LGBMClassifier, all features) | **0.2778** | 0.1500 | 0.0689 |",first-pass default: reads as a present-tense assertion
docs/ARCHITECTURE_UPLIFT.md,976,0.0689,CURRENT,"| pointwise (LGBMClassifier, all features) | **0.2778** | 0.1500 | 0.0689 |",first-pass default: reads as a present-tense assertion
docs/ARCHITECTURE_UPLIFT.md,977,0.2611,CURRENT,"| lambdamart (LGBMRanker, group = cycle) | 0.2611 | **0.1611** | **0.0811** |",first-pass default: reads as a present-tense assertion
docs/ARCHITECTURE_UPLIFT.md,977,0.1611,CURRENT,"| lambdamart (LGBMRanker, group = cycle) | 0.2611 | **0.1611** | **0.0811** |",first-pass default: reads as a present-tense assertion
docs/ARCHITECTURE_UPLIFT.md,977,0.0811,CURRENT,"| lambdamart (LGBMRanker, group = cycle) | 0.2611 | **0.1611** | **0.0811** |",first-pass default: reads as a present-tense assertion
docs/ARCHITECTURE_UPLIFT.md,978,0.1556,CURRENT,| pointwise_intensive (size-blind) | 0.1556 | 0.0944 | 0.0456 |,first-pass default: reads as a present-tense assertion
docs/ARCHITECTURE_UPLIFT.md,978,0.0944,CURRENT,| pointwise_intensive (size-blind) | 0.1556 | 0.0944 | 0.0456 |,first-pass default: reads as a present-tense assertion
docs/ARCHITECTURE_UPLIFT.md,978,0.0456,CURRENT,| pointwise_intensive (size-blind) | 0.1556 | 0.0944 | 0.0456 |,first-pass default: reads as a present-tense assertion
docs/ARCHITECTURE_UPLIFT.md,979,0.1500,CURRENT,| lambdamart_intensive (size-blind) | 0.1500 | 0.0861 | 0.0478 |,first-pass default: reads as a present-tense assertion
docs/ARCHITECTURE_UPLIFT.md,979,0.0861,CURRENT,| lambdamart_intensive (size-blind) | 0.1500 | 0.0861 | 0.0478 |,first-pass default: reads as a present-tense assertion
docs/ARCHITECTURE_UPLIFT.md,979,0.0478,CURRENT,| lambdamart_intensive (size-blind) | 0.1500 | 0.0861 | 0.0478 |,first-pass default: reads as a present-tense assertion
docs/ARCHITECTURE_UPLIFT.md,980,0.0500,CURRENT,| blend (shipped v1) | 0.0500 | 0.0389 | 0.0244 |,first-pass default: reads as a present-tense assertion
docs/ARCHITECTURE_UPLIFT.md,980,0.0389,CURRENT,| blend (shipped v1) | 0.0500 | 0.0389 | 0.0244 |,first-pass default: reads as a present-tense assertion
docs/ARCHITECTURE_UPLIFT.md,980,0.0244,CURRENT,| blend (shipped v1) | 0.0500 | 0.0389 | 0.0244 |,first-pass default: reads as a present-tense assertion
docs/ARCHITECTURE_UPLIFT.md,981,0.0333,CURRENT,| size | 0.0333 | 0.0389 | 0.0233 |,first-pass default: reads as a present-tense assertion
docs/ARCHITECTURE_UPLIFT.md,981,0.0389,CURRENT,| size | 0.0333 | 0.0389 | 0.0233 |,first-pass default: reads as a present-tense assertion
docs/ARCHITECTURE_UPLIFT.md,981,0.0233,CURRENT,| size | 0.0333 | 0.0389 | 0.0233 |,first-pass default: reads as a present-tense assertion
docs/ARCHITECTURE_UPLIFT.md,982,0.0667,CURRENT,| best single feature (`scatter_gather_width`) | 0.0667 | 0.0417 | 0.0211 |,first-pass default: reads as a present-tense assertion
docs/ARCHITECTURE_UPLIFT.md,982,0.0417,CURRENT,| best single feature (`scatter_gather_width`) | 0.0667 | 0.0417 | 0.0211 |,first-pass default: reads as a present-tense assertion
docs/ARCHITECTURE_UPLIFT.md,982,0.0211,CURRENT,| best single feature (`scatter_gather_width`) | 0.0667 | 0.0417 | 0.0211 |,first-pass default: reads as a present-tense assertion
docs/ARCHITECTURE_UPLIFT.md,987,95%,CURRENT,| k | lambdamart − pointwise | 95% CI | verdict |,first-pass default: reads as a present-tense assertion
docs/ARCHITECTURE_UPLIFT.md,989,0.0167,CURRENT,"| 10 | −0.0167 | [−0.0611, +0.0222] | includes zero |",first-pass default: reads as a present-tense assertion
docs/ARCHITECTURE_UPLIFT.md,989,0.0611,CURRENT,"| 10 | −0.0167 | [−0.0611, +0.0222] | includes zero |",first-pass default: reads as a present-tense assertion
docs/ARCHITECTURE_UPLIFT.md,989,0.0222,CURRENT,"| 10 | −0.0167 | [−0.0611, +0.0222] | includes zero |",first-pass default: reads as a present-tense assertion
docs/ARCHITECTURE_UPLIFT.md,990,0.0111,CURRENT,"| 20 | +0.0111 | [−0.0139, +0.0361] | includes zero |",first-pass default: reads as a present-tense assertion
docs/ARCHITECTURE_UPLIFT.md,990,0.0139,CURRENT,"| 20 | +0.0111 | [−0.0139, +0.0361] | includes zero |",first-pass default: reads as a present-tense assertion
docs/ARCHITECTURE_UPLIFT.md,990,0.0361,CURRENT,"| 20 | +0.0111 | [−0.0139, +0.0361] | includes zero |",first-pass default: reads as a present-tense assertion
docs/ARCHITECTURE_UPLIFT.md,991,0.0122,CURRENT,"| 50 | +0.0122 | [+0.0022, +0.0244] | REAL |",first-pass default: reads as a present-tense assertion
docs/ARCHITECTURE_UPLIFT.md,991,0.0022,CURRENT,"| 50 | +0.0122 | [+0.0022, +0.0244] | REAL |",first-pass default: reads as a present-tense assertion
docs/ARCHITECTURE_UPLIFT.md,991,0.0244,CURRENT,"| 50 | +0.0122 | [+0.0022, +0.0244] | REAL |",first-pass default: reads as a present-tense assertion
docs/ARCHITECTURE_UPLIFT.md,1004,0.1222,HISTORICAL,"n=17"". Against v1 the delta is +0.1222 [+0.0694, +0.1778] — larger than",context carries a past-tense / correction / superseded marker
docs/ARCHITECTURE_UPLIFT.md,1004,0.0694,HISTORICAL,"n=17"". Against v1 the delta is +0.1222 [+0.0694, +0.1778] — larger than",context carries a past-tense / correction / superseded marker
docs/ARCHITECTURE_UPLIFT.md,1004,0.1778,HISTORICAL,"n=17"". Against v1 the delta is +0.1222 [+0.0694, +0.1778] — larger than",context carries a past-tense / correction / superseded marker
docs/ARCHITECTURE_UPLIFT.md,1012,0.2778,HISTORICAL,The framing this work started from was: *the oracle reaches p@10 0.2778 where,context carries a past-tense / correction / superseded marker
docs/ARCHITECTURE_UPLIFT.md,1013,0.0500,HISTORICAL,"the blend reaches 0.0500, LambdaMART is step one, and if its CI includes zero",context carries a past-tense / correction / superseded marker
docs/ARCHITECTURE_UPLIFT.md,1017,0.2778,DERIVED,"headroom: 0.2778 vs 0.0500, and `pointwise − blend` is +0.2278 [+0.1167,",line asserts a relationship between two numbers
docs/ARCHITECTURE_UPLIFT.md,1017,0.0500,DERIVED,"headroom: 0.2778 vs 0.0500, and `pointwise − blend` is +0.2278 [+0.1167,",line asserts a relationship between two numbers
docs/ARCHITECTURE_UPLIFT.md,1017,0.2278,DERIVED,"headroom: 0.2778 vs 0.0500, and `pointwise − blend` is +0.2278 [+0.1167,",line asserts a relationship between two numbers
docs/ARCHITECTURE_UPLIFT.md,1017,0.1167,DERIVED,"headroom: 0.2778 vs 0.0500, and `pointwise − blend` is +0.2278 [+0.1167,",line asserts a relationship between two numbers
docs/ARCHITECTURE_UPLIFT.md,1018,0.3500,CURRENT,+0.3500] at k=10.,first-pass default: reads as a present-tense assertion
docs/ARCHITECTURE_UPLIFT.md,1028,0.2500,CURRENT,counting each ring at most once per cut gives pointwise 0.2500 / 0.1306 /,first-pass default: reads as a present-tense assertion
docs/ARCHITECTURE_UPLIFT.md,1028,0.1306,CURRENT,counting each ring at most once per cut gives pointwise 0.2500 / 0.1306 /,first-pass default: reads as a present-tense assertion
docs/ARCHITECTURE_UPLIFT.md,1029,0.0600,CURRENT,0.0600 against candidate-level 0.2778 / 0.1500 / 0.0689. The duplication is,first-pass default: reads as a present-tense assertion
docs/ARCHITECTURE_UPLIFT.md,1029,0.2778,CURRENT,0.0600 against candidate-level 0.2778 / 0.1500 / 0.0689. The duplication is,first-pass default: reads as a present-tense assertion
docs/ARCHITECTURE_UPLIFT.md,1029,0.1500,CURRENT,0.0600 against candidate-level 0.2778 / 0.1500 / 0.0689. The duplication is,first-pass default: reads as a present-tense assertion
docs/ARCHITECTURE_UPLIFT.md,1029,0.0689,CURRENT,0.0600 against candidate-level 0.2778 / 0.1500 / 0.0689. The duplication is,first-pass default: reads as a present-tense assertion
docs/ARCHITECTURE_UPLIFT.md,1040,56.6%,CURRENT,"**56.6% of it**, with 7.7 days unused. Extending to the full span would add",first-pass default: reads as a present-tense assertion
docs/ARCHITECTURE_UPLIFT.md,1042,1.3×,CURRENT,"18. That narrows a CI by about √1.7 ≈ 1.3×. Real, cheap, and independent.",first-pass default: reads as a present-tense assertion
docs/ARCHITECTURE_UPLIFT.md,1061,30%,CURRENT,"The estimate below (p@10 ≈ 0.13–0.16, ring recall ≈ 25–30%) is explicitly for",first-pass default: reads as a present-tense assertion
docs/ARCHITECTURE_UPLIFT.md,1062,0.2778,CURRENT,a **no-label system**. The 0.2778 / 0.2500 measured in §12.1 is a **true-label,first-pass default: reads as a present-tense assertion
docs/ARCHITECTURE_UPLIFT.md,1062,0.2500,CURRENT,a **no-label system**. The 0.2778 / 0.2500 measured in §12.1 is a **true-label,first-pass default: reads as a present-tense assertion
docs/ARCHITECTURE_UPLIFT.md,1065,0.124,CURRENT,"rather than truth, reached p@10 0.124 with a CI including zero.",first-pass default: reads as a present-tense assertion
docs/ARCHITECTURE_UPLIFT.md,1072,0.2500,CURRENT,the ranking objective. It is in **label quality**: the distance between 0.2500,first-pass default: reads as a present-tense assertion
docs/ARCHITECTURE_UPLIFT.md,1073,0.124,CURRENT,(true labels) and 0.124 (simulated verdicts) is the label pipeline's tax. That,first-pass default: reads as a present-tense assertion
docs/ARCHITECTURE_UPLIFT.md,1088,0.467,CURRENT,perfect-seeding oracle at p@10 = 0.467 — and it assumes both true labels *and*,first-pass default: reads as a present-tense assertion
docs/ARCHITECTURE_UPLIFT.md,1089,73.3%,CURRENT,cheating seeds. The structural recall ceiling is 73.3%.,first-pass default: reads as a present-tense assertion
docs/ARCHITECTURE_UPLIFT.md,1092,30%,CURRENT,"of the above: p@10 ≈ 0.13–0.16, p@20 ≈ 0.10–0.12, ring recall ≈ 25–30%, with a",first-pass default: reads as a present-tense assertion
docs/ARCHITECTURE_UPLIFT.md,1097,0.2500,CURRENT,true-label oracle reaching p@10 0.2500 does not raise this estimate: it is a,first-pass default: reads as a present-tense assertion
docs/CENTREPIECE-INVALIDATED.md,13,1.5×,HISTORICAL,"> oracle/blend ratio to stay ≥ 2×. **If the ratio collapses below ~1.5×, §1 is",context carries a past-tense / correction / superseded marker
docs/CENTREPIECE-INVALIDATED.md,22,0.2500,CURRENT,| 10 | 0.2500 | 0.1889 | **1.32×** |,first-pass default: reads as a present-tense assertion
docs/CENTREPIECE-INVALIDATED.md,22,0.1889,CURRENT,| 10 | 0.2500 | 0.1889 | **1.32×** |,first-pass default: reads as a present-tense assertion
docs/CENTREPIECE-INVALIDATED.md,22,1.32×,CURRENT,| 10 | 0.2500 | 0.1889 | **1.32×** |,first-pass default: reads as a present-tense assertion
docs/CENTREPIECE-INVALIDATED.md,23,0.1417,CURRENT,| 20 | 0.1417 | 0.1000 | **1.42×** |,first-pass default: reads as a present-tense assertion
docs/CENTREPIECE-INVALIDATED.md,23,0.1000,CURRENT,| 20 | 0.1417 | 0.1000 | **1.42×** |,first-pass default: reads as a present-tense assertion
docs/CENTREPIECE-INVALIDATED.md,23,1.42×,CURRENT,| 20 | 0.1417 | 0.1000 | **1.42×** |,first-pass default: reads as a present-tense assertion
docs/CENTREPIECE-INVALIDATED.md,24,0.0611,CURRENT,| 50 | 0.0611 | 0.0467 | **1.31×** |,first-pass default: reads as a present-tense assertion
docs/CENTREPIECE-INVALIDATED.md,24,0.0467,CURRENT,| 50 | 0.0611 | 0.0467 | **1.31×** |,first-pass default: reads as a present-tense assertion
docs/CENTREPIECE-INVALIDATED.md,24,1.31×,CURRENT,| 50 | 0.0611 | 0.0467 | **1.31×** |,first-pass default: reads as a present-tense assertion
docs/CENTREPIECE-INVALIDATED.md,26,1.5×,CURRENT,"**Well below the 1.5× kill line, against a pre-registration that expected ≥ 2×.",first-pass default: reads as a present-tense assertion
docs/CENTREPIECE-INVALIDATED.md,33,0.0500,HISTORICAL,"rose, not because the ceiling fell.** The blend went 0.0500 → 0.1889 at k=10;",context carries a past-tense / correction / superseded marker
docs/CENTREPIECE-INVALIDATED.md,33,0.1889,HISTORICAL,"rose, not because the ceiling fell.** The blend went 0.0500 → 0.1889 at k=10;",context carries a past-tense / correction / superseded marker
docs/CENTREPIECE-INVALIDATED.md,34,5.33×,HISTORICAL,"the supervised re-ranker did not improve at all. The ""5.33× headroom"" the",context carries a past-tense / correction / superseded marker
docs/CENTREPIECE-INVALIDATED.md,40,0.0000,HISTORICAL,(exactly +0.0000 at k=20). Post-fix:,context carries a past-tense / correction / superseded marker
docs/CENTREPIECE-INVALIDATED.md,42,95%,CURRENT,| k | blend − size | 95% CI |,first-pass default: reads as a present-tense assertion
docs/CENTREPIECE-INVALIDATED.md,44,0.1444,CURRENT,"| 10 | +0.1444 | [+0.0667, +0.2389] |",first-pass default: reads as a present-tense assertion
docs/CENTREPIECE-INVALIDATED.md,44,0.0667,CURRENT,"| 10 | +0.1444 | [+0.0667, +0.2389] |",first-pass default: reads as a present-tense assertion
docs/CENTREPIECE-INVALIDATED.md,44,0.2389,CURRENT,"| 10 | +0.1444 | [+0.0667, +0.2389] |",first-pass default: reads as a present-tense assertion
docs/CENTREPIECE-INVALIDATED.md,45,0.0556,CURRENT,"| 20 | +0.0556 | [+0.0139, +0.1000] |",first-pass default: reads as a present-tense assertion
docs/CENTREPIECE-INVALIDATED.md,45,0.0139,CURRENT,"| 20 | +0.0556 | [+0.0139, +0.1000] |",first-pass default: reads as a present-tense assertion
docs/CENTREPIECE-INVALIDATED.md,45,0.1000,CURRENT,"| 20 | +0.0556 | [+0.0139, +0.1000] |",first-pass default: reads as a present-tense assertion
docs/CENTREPIECE-INVALIDATED.md,46,0.0222,CURRENT,"| 50 | +0.0222 | [+0.0078, +0.0389] |",first-pass default: reads as a present-tense assertion
docs/CENTREPIECE-INVALIDATED.md,46,0.0078,CURRENT,"| 50 | +0.0222 | [+0.0078, +0.0389] |",first-pass default: reads as a present-tense assertion
docs/CENTREPIECE-INVALIDATED.md,46,0.0389,CURRENT,"| 50 | +0.0222 | [+0.0078, +0.0389] |",first-pass default: reads as a present-tense assertion
docs/CENTREPIECE-INVALIDATED.md,52,1.47×,HISTORICAL,"An earlier draft of this document quoted **1.47× / 1.50× / 1.48×**, taken from",context carries a past-tense / correction / superseded marker
docs/CENTREPIECE-INVALIDATED.md,52,1.50×,HISTORICAL,"An earlier draft of this document quoted **1.47× / 1.50× / 1.48×**, taken from",context carries a past-tense / correction / superseded marker
docs/CENTREPIECE-INVALIDATED.md,52,1.48×,HISTORICAL,"An earlier draft of this document quoted **1.47× / 1.50× / 1.48×**, taken from",context carries a past-tense / correction / superseded marker
docs/CENTREPIECE-INVALIDATED.md,64,0.0333,HISTORICAL,set. The tell is that `size` and `degree` differ between the two runs (0.0333 →,context carries a past-tense / correction / superseded marker
docs/CENTREPIECE-INVALIDATED.md,65,0.0444,HISTORICAL,0.0444 and 0.0167 → 0.0222): **baselines that read no features at all can only,context carries a past-tense / correction / superseded marker
docs/CENTREPIECE-INVALIDATED.md,65,0.0167,HISTORICAL,0.0444 and 0.0167 → 0.0222): **baselines that read no features at all can only,context carries a past-tense / correction / superseded marker
docs/CENTREPIECE-INVALIDATED.md,65,0.0222,HISTORICAL,0.0444 and 0.0167 → 0.0222): **baselines that read no features at all can only,context carries a past-tense / correction / superseded marker
docs/CENTREPIECE-INVALIDATED.md,81,1.5×,DERIVED,"**Both provenances put the ratio below 1.5×** (1.32–1.42 clean, 1.47–1.50",line asserts a relationship between two numbers
docs/CENTREPIECE-INVALIDATED.md,96,0.0611,HISTORICAL,"at every k: **+0.0611 [+0.0111, +0.1167]**, **+0.0417 [+0.0139, +0.0778]**,",context carries a past-tense / correction / superseded marker
docs/CENTREPIECE-INVALIDATED.md,96,0.0111,HISTORICAL,"at every k: **+0.0611 [+0.0111, +0.1167]**, **+0.0417 [+0.0139, +0.0778]**,",context carries a past-tense / correction / superseded marker
docs/CENTREPIECE-INVALIDATED.md,96,0.1167,HISTORICAL,"at every k: **+0.0611 [+0.0111, +0.1167]**, **+0.0417 [+0.0139, +0.0778]**,",context carries a past-tense / correction / superseded marker
docs/CENTREPIECE-INVALIDATED.md,96,0.0417,HISTORICAL,"at every k: **+0.0611 [+0.0111, +0.1167]**, **+0.0417 [+0.0139, +0.0778]**,",context carries a past-tense / correction / superseded marker
docs/CENTREPIECE-INVALIDATED.md,96,0.0139,HISTORICAL,"at every k: **+0.0611 [+0.0111, +0.1167]**, **+0.0417 [+0.0139, +0.0778]**,",context carries a past-tense / correction / superseded marker
docs/CENTREPIECE-INVALIDATED.md,96,0.0778,HISTORICAL,"at every k: **+0.0611 [+0.0111, +0.1167]**, **+0.0417 [+0.0139, +0.0778]**,",context carries a past-tense / correction / superseded marker
docs/CENTREPIECE-INVALIDATED.md,97,0.0144,HISTORICAL,"**+0.0144 [+0.0033, +0.0267]**. **A real gain, and a small one** — not the 2×",context carries a past-tense / correction / superseded marker
docs/CENTREPIECE-INVALIDATED.md,97,0.0033,HISTORICAL,"**+0.0144 [+0.0033, +0.0267]**. **A real gain, and a small one** — not the 2×",context carries a past-tense / correction / superseded marker
docs/CENTREPIECE-INVALIDATED.md,97,0.0267,HISTORICAL,"**+0.0144 [+0.0033, +0.0267]**. **A real gain, and a small one** — not the 2×",context carries a past-tense / correction / superseded marker
docs/CENTREPIECE-INVALIDATED.md,109,0.4833,CURRENT,"| 10 | 0.4833 | 0.4111 | 1.18× | +0.0722 [+0.0167, +0.1278] |",first-pass default: reads as a present-tense assertion
docs/CENTREPIECE-INVALIDATED.md,109,0.4111,CURRENT,"| 10 | 0.4833 | 0.4111 | 1.18× | +0.0722 [+0.0167, +0.1278] |",first-pass default: reads as a present-tense assertion
docs/CENTREPIECE-INVALIDATED.md,109,1.18×,CURRENT,"| 10 | 0.4833 | 0.4111 | 1.18× | +0.0722 [+0.0167, +0.1278] |",first-pass default: reads as a present-tense assertion
docs/CENTREPIECE-INVALIDATED.md,109,0.0722,CURRENT,"| 10 | 0.4833 | 0.4111 | 1.18× | +0.0722 [+0.0167, +0.1278] |",first-pass default: reads as a present-tense assertion
docs/CENTREPIECE-INVALIDATED.md,109,0.0167,CURRENT,"| 10 | 0.4833 | 0.4111 | 1.18× | +0.0722 [+0.0167, +0.1278] |",first-pass default: reads as a present-tense assertion
docs/CENTREPIECE-INVALIDATED.md,109,0.1278,CURRENT,"| 10 | 0.4833 | 0.4111 | 1.18× | +0.0722 [+0.0167, +0.1278] |",first-pass default: reads as a present-tense assertion
docs/CENTREPIECE-INVALIDATED.md,110,0.3278,CURRENT,"| 20 | 0.3278 | 0.2889 | 1.13× | +0.0389 **[−0.0083, +0.0944] includes zero** |",first-pass default: reads as a present-tense assertion
docs/CENTREPIECE-INVALIDATED.md,110,0.2889,CURRENT,"| 20 | 0.3278 | 0.2889 | 1.13× | +0.0389 **[−0.0083, +0.0944] includes zero** |",first-pass default: reads as a present-tense assertion
docs/CENTREPIECE-INVALIDATED.md,110,1.13×,CURRENT,"| 20 | 0.3278 | 0.2889 | 1.13× | +0.0389 **[−0.0083, +0.0944] includes zero** |",first-pass default: reads as a present-tense assertion
docs/CENTREPIECE-INVALIDATED.md,110,0.0389,CURRENT,"| 20 | 0.3278 | 0.2889 | 1.13× | +0.0389 **[−0.0083, +0.0944] includes zero** |",first-pass default: reads as a present-tense assertion
docs/CENTREPIECE-INVALIDATED.md,110,0.0083,CURRENT,"| 20 | 0.3278 | 0.2889 | 1.13× | +0.0389 **[−0.0083, +0.0944] includes zero** |",first-pass default: reads as a present-tense assertion
docs/CENTREPIECE-INVALIDATED.md,110,0.0944,CURRENT,"| 20 | 0.3278 | 0.2889 | 1.13× | +0.0389 **[−0.0083, +0.0944] includes zero** |",first-pass default: reads as a present-tense assertion
docs/CENTREPIECE-INVALIDATED.md,111,0.1644,CURRENT,"| 50 | 0.1644 | 0.1344 | 1.22× | +0.0300 [+0.0067, +0.0578] |",first-pass default: reads as a present-tense assertion
docs/CENTREPIECE-INVALIDATED.md,111,0.1344,CURRENT,"| 50 | 0.1644 | 0.1344 | 1.22× | +0.0300 [+0.0067, +0.0578] |",first-pass default: reads as a present-tense assertion
docs/CENTREPIECE-INVALIDATED.md,111,1.22×,CURRENT,"| 50 | 0.1644 | 0.1344 | 1.22× | +0.0300 [+0.0067, +0.0578] |",first-pass default: reads as a present-tense assertion
docs/CENTREPIECE-INVALIDATED.md,111,0.0300,CURRENT,"| 50 | 0.1644 | 0.1344 | 1.22× | +0.0300 [+0.0067, +0.0578] |",first-pass default: reads as a present-tense assertion
docs/CENTREPIECE-INVALIDATED.md,111,0.0067,CURRENT,"| 50 | 0.1644 | 0.1344 | 1.22× | +0.0300 [+0.0067, +0.0578] |",first-pass default: reads as a present-tense assertion
docs/CENTREPIECE-INVALIDATED.md,111,0.0578,CURRENT,"| 50 | 0.1644 | 0.1344 | 1.22× | +0.0300 [+0.0067, +0.0578] |",first-pass default: reads as a present-tense assertion
docs/CENTREPIECE-INVALIDATED.md,123,0.1889,CURRENT,| as-is seeding | 0.1889 | 0.1000 | 0.0467 |,first-pass default: reads as a present-tense assertion
docs/CENTREPIECE-INVALIDATED.md,123,0.1000,CURRENT,| as-is seeding | 0.1889 | 0.1000 | 0.0467 |,first-pass default: reads as a present-tense assertion
docs/CENTREPIECE-INVALIDATED.md,123,0.0467,CURRENT,| as-is seeding | 0.1889 | 0.1000 | 0.0467 |,first-pass default: reads as a present-tense assertion
docs/CENTREPIECE-INVALIDATED.md,124,0.4111,CURRENT,| perfect seeding | **0.4111** | **0.2889** | **0.1344** |,first-pass default: reads as a present-tense assertion
docs/CENTREPIECE-INVALIDATED.md,124,0.2889,CURRENT,| perfect seeding | **0.4111** | **0.2889** | **0.1344** |,first-pass default: reads as a present-tense assertion
docs/CENTREPIECE-INVALIDATED.md,124,0.1344,CURRENT,| perfect seeding | **0.4111** | **0.2889** | **0.1344** |,first-pass default: reads as a present-tense assertion
docs/CENTREPIECE-INVALIDATED.md,126,2.2×,CURRENT,**Fixing seeding is worth ~2.2× at k=10 to the shipped scorer. Fixing the,first-pass default: reads as a present-tense assertion
docs/CENTREPIECE-INVALIDATED.md,127,1.32×,CURRENT,scorer is worth 1.32×.** The larger prize is not in the component the plan,first-pass default: reads as a present-tense assertion
docs/CENTREPIECE-INVALIDATED.md,130,5.56×,DERIVED,- fix the weights → the as-is ratio collapses from 5.56× to 1.32×;,line asserts a relationship between two numbers
docs/CENTREPIECE-INVALIDATED.md,130,1.32×,DERIVED,- fix the weights → the as-is ratio collapses from 5.56× to 1.32×;,line asserts a relationship between two numbers
docs/CENTREPIECE-INVALIDATED.md,131,1.18×,DERIVED,- fix the seeding instead → the ratio collapses to 1.18×.,line asserts a relationship between two numbers
docs/CENTREPIECE-INVALIDATED.md,140,89%,CURRENT,"measured seeding at **89%** of active rings, which is hard to reconcile with a",first-pass default: reads as a present-tense assertion
docs/CENTREPIECE-INVALIDATED.md,141,2.2×,CURRENT,2.2× prize sitting behind the seed rule.,first-pass default: reads as a present-tense assertion
docs/CENTREPIECE-INVALIDATED.md,144,89%,HISTORICAL,likely the 89% measures something weaker than what run 2's cheat supplies —,context carries a past-tense / correction / superseded marker
docs/CENTREPIECE-INVALIDATED.md,166,0.2500,HISTORICAL,pointwise arm reproduces the oracle exactly — **0.2500 / 0.1417 / 0.0611 in both,context carries a past-tense / correction / superseded marker
docs/CENTREPIECE-INVALIDATED.md,166,0.1417,HISTORICAL,pointwise arm reproduces the oracle exactly — **0.2500 / 0.1417 / 0.0611 in both,context carries a past-tense / correction / superseded marker
docs/CENTREPIECE-INVALIDATED.md,166,0.0611,HISTORICAL,pointwise arm reproduces the oracle exactly — **0.2500 / 0.1417 / 0.0611 in both,context carries a past-tense / correction / superseded marker
docs/CENTREPIECE-INVALIDATED.md,172,0.2889,CURRENT,| lambdamart | **0.2889** | **0.1667** | **0.0833** |,first-pass default: reads as a present-tense assertion
docs/CENTREPIECE-INVALIDATED.md,172,0.1667,CURRENT,| lambdamart | **0.2889** | **0.1667** | **0.0833** |,first-pass default: reads as a present-tense assertion
docs/CENTREPIECE-INVALIDATED.md,172,0.0833,CURRENT,| lambdamart | **0.2889** | **0.1667** | **0.0833** |,first-pass default: reads as a present-tense assertion
docs/CENTREPIECE-INVALIDATED.md,173,0.2500,CURRENT,| pointwise | 0.2500 | 0.1417 | 0.0611 |,first-pass default: reads as a present-tense assertion
docs/CENTREPIECE-INVALIDATED.md,173,0.1417,CURRENT,| pointwise | 0.2500 | 0.1417 | 0.0611 |,first-pass default: reads as a present-tense assertion
docs/CENTREPIECE-INVALIDATED.md,173,0.0611,CURRENT,| pointwise | 0.2500 | 0.1417 | 0.0611 |,first-pass default: reads as a present-tense assertion
docs/CENTREPIECE-INVALIDATED.md,174,0.1889,CURRENT,| blend | 0.1889 | 0.1000 | 0.0467 |,first-pass default: reads as a present-tense assertion
docs/CENTREPIECE-INVALIDATED.md,174,0.1000,CURRENT,| blend | 0.1889 | 0.1000 | 0.0467 |,first-pass default: reads as a present-tense assertion
docs/CENTREPIECE-INVALIDATED.md,174,0.0467,CURRENT,| blend | 0.1889 | 0.1000 | 0.0467 |,first-pass default: reads as a present-tense assertion
docs/CENTREPIECE-INVALIDATED.md,175,0.0444,CURRENT,| size | 0.0444 | 0.0444 | 0.0244 |,first-pass default: reads as a present-tense assertion
docs/CENTREPIECE-INVALIDATED.md,175,0.0444,CURRENT,| size | 0.0444 | 0.0444 | 0.0244 |,first-pass default: reads as a present-tense assertion
docs/CENTREPIECE-INVALIDATED.md,175,0.0244,CURRENT,| size | 0.0444 | 0.0444 | 0.0244 |,first-pass default: reads as a present-tense assertion
docs/CENTREPIECE-INVALIDATED.md,176,0.0222,CURRENT,| degree | 0.0222 | 0.0306 | 0.0222 |,first-pass default: reads as a present-tense assertion
docs/CENTREPIECE-INVALIDATED.md,176,0.0306,CURRENT,| degree | 0.0222 | 0.0306 | 0.0222 |,first-pass default: reads as a present-tense assertion
docs/CENTREPIECE-INVALIDATED.md,176,0.0222,CURRENT,| degree | 0.0222 | 0.0306 | 0.0222 |,first-pass default: reads as a present-tense assertion
docs/CENTREPIECE-INVALIDATED.md,177,0.0000,CURRENT,| random | 0.0000 | 0.0000 | 0.0000 |,first-pass default: reads as a present-tense assertion
docs/CENTREPIECE-INVALIDATED.md,177,0.0000,CURRENT,| random | 0.0000 | 0.0000 | 0.0000 |,first-pass default: reads as a present-tense assertion
docs/CENTREPIECE-INVALIDATED.md,177,0.0000,CURRENT,| random | 0.0000 | 0.0000 | 0.0000 |,first-pass default: reads as a present-tense assertion
docs/CENTREPIECE-INVALIDATED.md,178,0.0722,CURRENT,| best single feature | 0.0722 | 0.0417 | 0.0211 |,first-pass default: reads as a present-tense assertion
docs/CENTREPIECE-INVALIDATED.md,178,0.0417,CURRENT,| best single feature | 0.0722 | 0.0417 | 0.0211 |,first-pass default: reads as a present-tense assertion
docs/CENTREPIECE-INVALIDATED.md,178,0.0211,CURRENT,| best single feature | 0.0722 | 0.0417 | 0.0211 |,first-pass default: reads as a present-tense assertion
docs/CENTREPIECE-INVALIDATED.md,183,95%,CURRENT,| k | lambdamart − pointwise | 95% CI | excludes zero? |,first-pass default: reads as a present-tense assertion
docs/CENTREPIECE-INVALIDATED.md,185,0.0389,CURRENT,"| 10 | +0.0389 | [−0.0222, +0.1000] | **no** |",first-pass default: reads as a present-tense assertion
docs/CENTREPIECE-INVALIDATED.md,185,0.0222,CURRENT,"| 10 | +0.0389 | [−0.0222, +0.1000] | **no** |",first-pass default: reads as a present-tense assertion
docs/CENTREPIECE-INVALIDATED.md,185,0.1000,CURRENT,"| 10 | +0.0389 | [−0.0222, +0.1000] | **no** |",first-pass default: reads as a present-tense assertion
docs/CENTREPIECE-INVALIDATED.md,186,0.0250,CURRENT,"| 20 | +0.0250 | [−0.0056, +0.0583] | **no** |",first-pass default: reads as a present-tense assertion
docs/CENTREPIECE-INVALIDATED.md,186,0.0056,CURRENT,"| 20 | +0.0250 | [−0.0056, +0.0583] | **no** |",first-pass default: reads as a present-tense assertion
docs/CENTREPIECE-INVALIDATED.md,186,0.0583,CURRENT,"| 20 | +0.0250 | [−0.0056, +0.0583] | **no** |",first-pass default: reads as a present-tense assertion
docs/CENTREPIECE-INVALIDATED.md,187,0.0222,CURRENT,"| 50 | +0.0222 | [+0.0111, +0.0333] | yes |",first-pass default: reads as a present-tense assertion
docs/CENTREPIECE-INVALIDATED.md,187,0.0111,CURRENT,"| 50 | +0.0222 | [+0.0111, +0.0333] | yes |",first-pass default: reads as a present-tense assertion
docs/CENTREPIECE-INVALIDATED.md,187,0.0333,CURRENT,"| 50 | +0.0222 | [+0.0111, +0.0333] | yes |",first-pass default: reads as a present-tense assertion
docs/CENTREPIECE-INVALIDATED.md,208,0.0500,CURRENT,one ring (0.0500 at k=10 against 0.0278 for LambdaMART).,first-pass default: reads as a present-tense assertion
docs/CENTREPIECE-INVALIDATED.md,208,0.0278,CURRENT,one ring (0.0500 at k=10 against 0.0278 for LambdaMART).,first-pass default: reads as a present-tense assertion
docs/HANDOFF-NEXT.md,11,1.32×,DERIVED,The oracle/blend ratio came back **1.32× / 1.42× / 1.31×** against a,line asserts a relationship between two numbers
docs/HANDOFF-NEXT.md,11,1.42×,DERIVED,The oracle/blend ratio came back **1.32× / 1.42× / 1.31×** against a,line asserts a relationship between two numbers
docs/HANDOFF-NEXT.md,11,1.31×,DERIVED,The oracle/blend ratio came back **1.32× / 1.42× / 1.31×** against a,line asserts a relationship between two numbers
docs/HANDOFF-NEXT.md,12,1.5×,CURRENT,pre-registration (§8 item 0.1) that expected ≥ 2× and named ≤ 1.5× as the kill,first-pass default: reads as a present-tense assertion
docs/HANDOFF-NEXT.md,16,0.0500,HISTORICAL,two inverted blend weights and **the floor rose**: blend p@10 0.0500 → 0.1889.,context carries a past-tense / correction / superseded marker
docs/HANDOFF-NEXT.md,16,0.1889,HISTORICAL,two inverted blend weights and **the floor rose**: blend p@10 0.0500 → 0.1889.,context carries a past-tense / correction / superseded marker
docs/HANDOFF-NEXT.md,17,5.33×,HISTORICAL,The 5.33× headroom was largely a measurement of two backwards weights.,context carries a past-tense / correction / superseded marker
docs/HANDOFF-NEXT.md,20,1.18×,DERIVED,"cheated, the ratio is **1.18× / 1.13× / 1.22×** and the k=20 interval includes",line asserts a relationship between two numbers
docs/HANDOFF-NEXT.md,20,1.13×,DERIVED,"cheated, the ratio is **1.18× / 1.13× / 1.22×** and the k=20 interval includes",line asserts a relationship between two numbers
docs/HANDOFF-NEXT.md,20,1.22×,DERIVED,"cheated, the ratio is **1.18× / 1.13× / 1.22×** and the k=20 interval includes",line asserts a relationship between two numbers
docs/HANDOFF-NEXT.md,21,2.2×,HISTORICAL,zero. The same blend gains **~2.2×** at k=10 from the seed cheat alone,context carries a past-tense / correction / superseded marker
docs/HANDOFF-NEXT.md,22,0.1889,HISTORICAL,(0.1889 → 0.4111) versus 1.32× from replacing the scorer with a true-label,context carries a past-tense / correction / superseded marker
docs/HANDOFF-NEXT.md,22,0.4111,HISTORICAL,(0.1889 → 0.4111) versus 1.32× from replacing the scorer with a true-label,context carries a past-tense / correction / superseded marker
docs/HANDOFF-NEXT.md,22,1.32×,HISTORICAL,(0.1889 → 0.4111) versus 1.32× from replacing the scorer with a true-label,context carries a past-tense / correction / superseded marker
docs/HANDOFF-NEXT.md,50,89%,CURRENT,2. **The §5b tension is unresolved.** §5b measures seeding at 89% of active,first-pass default: reads as a present-tense assertion
docs/HANDOFF-NEXT.md,51,2.2×,CURRENT,rings; run 2 says the seed cheat is worth 2.2×. Both cannot be simple.,first-pass default: reads as a present-tense assertion
docs/HANDOFF-NEXT.md,60,0.0500,HISTORICAL,"for the 0.0500 → 0.1889 blend change, but it still quotes **0.2778** as the",context carries a past-tense / correction / superseded marker
docs/HANDOFF-NEXT.md,60,0.1889,HISTORICAL,"for the 0.0500 → 0.1889 blend change, but it still quotes **0.2778** as the",context carries a past-tense / correction / superseded marker
docs/HANDOFF-NEXT.md,60,0.2778,HISTORICAL,"for the 0.0500 → 0.1889 blend change, but it still quotes **0.2778** as the",context carries a past-tense / correction / superseded marker
docs/HANDOFF-NEXT.md,61,0.2500,HISTORICAL,supervised headline in several places. The clean number is **0.2500**.,context carries a past-tense / correction / superseded marker
docs/HANDOFF-NEXT.md,79,0.2778,DERIVED,0.2778 vs stored 0.2500) and is green again after re-adopting the regenerated,line asserts a relationship between two numbers
docs/HANDOFF-NEXT.md,79,0.2500,DERIVED,0.2778 vs stored 0.2500) and is green again after re-adopting the regenerated,line asserts a relationship between two numbers
docs/HANDOFF.md,62,100%,CURRENT,"self-loops, monotonic, 3,209/3,209 ring edges joined (100%). Replay runs at",first-pass default: reads as a present-tense assertion
docs/HANDOFF.md,85,50%,CURRENT,Hit = candidate contains ≥50% of a ring **and** Jaccard ≥ 0.3.,first-pass default: reads as a present-tense assertion
docs/HANDOFF.md,89,0.085,CURRENT,| **score** | **0.085** | 0.049 | 0.024 | **15.4%** |,first-pass default: reads as a present-tense assertion
docs/HANDOFF.md,89,0.049,CURRENT,| **score** | **0.085** | 0.049 | 0.024 | **15.4%** |,first-pass default: reads as a present-tense assertion
docs/HANDOFF.md,89,0.024,CURRENT,| **score** | **0.085** | 0.049 | 0.024 | **15.4%** |,first-pass default: reads as a present-tense assertion
docs/HANDOFF.md,89,15.4%,CURRENT,| **score** | **0.085** | 0.049 | 0.024 | **15.4%** |,first-pass default: reads as a present-tense assertion
docs/HANDOFF.md,90,0.000,CURRENT,| degree | 0.000 | 0.001 | 0.008 | 3.9% |,first-pass default: reads as a present-tense assertion
docs/HANDOFF.md,90,0.001,CURRENT,| degree | 0.000 | 0.001 | 0.008 | 3.9% |,first-pass default: reads as a present-tense assertion
docs/HANDOFF.md,90,0.008,CURRENT,| degree | 0.000 | 0.001 | 0.008 | 3.9% |,first-pass default: reads as a present-tense assertion
docs/HANDOFF.md,90,3.9%,CURRENT,| degree | 0.000 | 0.001 | 0.008 | 3.9% |,first-pass default: reads as a present-tense assertion
docs/HANDOFF.md,91,0.000,CURRENT,| size | 0.000 | 0.000 | 0.001 | 2.3% |,first-pass default: reads as a present-tense assertion
docs/HANDOFF.md,91,0.000,CURRENT,| size | 0.000 | 0.000 | 0.001 | 2.3% |,first-pass default: reads as a present-tense assertion
docs/HANDOFF.md,91,0.001,CURRENT,| size | 0.000 | 0.000 | 0.001 | 2.3% |,first-pass default: reads as a present-tense assertion
docs/HANDOFF.md,91,2.3%,CURRENT,| size | 0.000 | 0.000 | 0.001 | 2.3% |,first-pass default: reads as a present-tense assertion
docs/HANDOFF.md,92,0.000,CURRENT,| random | 0.000 | 0.000 | 0.002 | 1.5% |,first-pass default: reads as a present-tense assertion
docs/HANDOFF.md,92,0.000,CURRENT,| random | 0.000 | 0.000 | 0.002 | 1.5% |,first-pass default: reads as a present-tense assertion
docs/HANDOFF.md,92,0.002,CURRENT,| random | 0.000 | 0.000 | 0.002 | 1.5% |,first-pass default: reads as a present-tense assertion
docs/HANDOFF.md,92,1.5%,CURRENT,| random | 0.000 | 0.000 | 0.002 | 1.5% |,first-pass default: reads as a present-tense assertion
docs/HANDOFF.md,98,0.176,CURRENT,| v1 hand-set | 0.176 | 0.106 | 0.065 | 0.035 |,first-pass default: reads as a present-tense assertion
docs/HANDOFF.md,98,0.106,CURRENT,| v1 hand-set | 0.176 | 0.106 | 0.065 | 0.035 |,first-pass default: reads as a present-tense assertion
docs/HANDOFF.md,98,0.065,CURRENT,| v1 hand-set | 0.176 | 0.106 | 0.065 | 0.035 |,first-pass default: reads as a present-tense assertion
docs/HANDOFF.md,98,0.035,CURRENT,| v1 hand-set | 0.176 | 0.106 | 0.065 | 0.035 |,first-pass default: reads as a present-tense assertion
docs/HANDOFF.md,99,0.176,CURRENT,| learned | 0.176 | 0.124 | 0.088 | 0.053 |,first-pass default: reads as a present-tense assertion
docs/HANDOFF.md,99,0.124,CURRENT,| learned | 0.176 | 0.124 | 0.088 | 0.053 |,first-pass default: reads as a present-tense assertion
docs/HANDOFF.md,99,0.088,CURRENT,| learned | 0.176 | 0.124 | 0.088 | 0.053 |,first-pass default: reads as a present-tense assertion
docs/HANDOFF.md,99,0.053,CURRENT,| learned | 0.176 | 0.124 | 0.088 | 0.053 |,first-pass default: reads as a present-tense assertion
docs/HANDOFF.md,100,1.00×,HISTORICAL,| lift | 1.00× | 1.17× | 1.36× | 1.50× |,context carries a past-tense / correction / superseded marker
docs/HANDOFF.md,100,1.17×,HISTORICAL,| lift | 1.00× | 1.17× | 1.36× | 1.50× |,context carries a past-tense / correction / superseded marker
docs/HANDOFF.md,100,1.36×,HISTORICAL,| lift | 1.00× | 1.17× | 1.36× | 1.50× |,context carries a past-tense / correction / superseded marker
docs/HANDOFF.md,100,1.50×,HISTORICAL,| lift | 1.00× | 1.17× | 1.36× | 1.50× |,context carries a past-tense / correction / superseded marker
docs/HANDOFF.md,103,0.2704,HISTORICAL,"here.** This line read ""held-out average precision **0.2704 vs 0.0412 base =",context carries a past-tense / correction / superseded marker
docs/HANDOFF.md,103,0.0412,HISTORICAL,"here.** This line read ""held-out average precision **0.2704 vs 0.0412 base =",context carries a past-tense / correction / superseded marker
docs/HANDOFF.md,104,6.57×,HISTORICAL,"6.57×**"". It is deleted rather than softened, per this repo's own rule that an",context carries a past-tense / correction / superseded marker
docs/HANDOFF.md,114,95%,HISTORICAL,"bootstrap 95% CI on the v1-vs-reranker delta at each k, resampled over the 17",context carries a past-tense / correction / superseded marker
docs/HANDOFF.md,117,95%,DERIVED,| k | delta (reranker − v1) | 95% CI | excludes zero? |,line asserts a relationship between two numbers
docs/HANDOFF.md,119,0.000,CURRENT,"| 5 | 0.000 | [-0.094, 0.094] | no |",first-pass default: reads as a present-tense assertion
docs/HANDOFF.md,119,0.094,CURRENT,"| 5 | 0.000 | [-0.094, 0.094] | no |",first-pass default: reads as a present-tense assertion
docs/HANDOFF.md,119,0.094,CURRENT,"| 5 | 0.000 | [-0.094, 0.094] | no |",first-pass default: reads as a present-tense assertion
docs/HANDOFF.md,120,0.018,CURRENT,"| 10 | 0.018 | [-0.035, 0.071] | no |",first-pass default: reads as a present-tense assertion
docs/HANDOFF.md,120,0.035,CURRENT,"| 10 | 0.018 | [-0.035, 0.071] | no |",first-pass default: reads as a present-tense assertion
docs/HANDOFF.md,120,0.071,CURRENT,"| 10 | 0.018 | [-0.035, 0.071] | no |",first-pass default: reads as a present-tense assertion
docs/HANDOFF.md,121,0.024,CURRENT,"| 20 | 0.024 | [-0.018, 0.068] | no |",first-pass default: reads as a present-tense assertion
docs/HANDOFF.md,121,0.018,CURRENT,"| 20 | 0.024 | [-0.018, 0.068] | no |",first-pass default: reads as a present-tense assertion
docs/HANDOFF.md,121,0.068,CURRENT,"| 20 | 0.024 | [-0.018, 0.068] | no |",first-pass default: reads as a present-tense assertion
docs/HANDOFF.md,122,0.018,CURRENT,"| 50 | 0.018 | [-0.002, 0.039] | no |",first-pass default: reads as a present-tense assertion
docs/HANDOFF.md,122,0.002,CURRENT,"| 50 | 0.018 | [-0.002, 0.039] | no |",first-pass default: reads as a present-tense assertion
docs/HANDOFF.md,122,0.039,CURRENT,"| 50 | 0.018 | [-0.002, 0.039] | no |",first-pass default: reads as a present-tense assertion
docs/HANDOFF.md,176,0.2285,CURRENT,| average precision | 0.2285 |,first-pass default: reads as a present-tense assertion
docs/HANDOFF.md,181,95%,CURRENT,| ranking | p@10 | 95% CI | p@20 | p@50 |,first-pass default: reads as a present-tense assertion
docs/HANDOFF.md,183,0.2778,CURRENT,"| **supervised (TRUE LABELS — not deployable; see the label tax below)** | **0.2778** | [0.1500, 0.4167] | 0.1500 | 0.0689 |",first-pass default: reads as a present-tense assertion
docs/HANDOFF.md,183,0.1500,CURRENT,"| **supervised (TRUE LABELS — not deployable; see the label tax below)** | **0.2778** | [0.1500, 0.4167] | 0.1500 | 0.0689 |",first-pass default: reads as a present-tense assertion
docs/HANDOFF.md,183,0.4167,CURRENT,"| **supervised (TRUE LABELS — not deployable; see the label tax below)** | **0.2778** | [0.1500, 0.4167] | 0.1500 | 0.0689 |",first-pass default: reads as a present-tense assertion
docs/HANDOFF.md,183,0.1500,CURRENT,"| **supervised (TRUE LABELS — not deployable; see the label tax below)** | **0.2778** | [0.1500, 0.4167] | 0.1500 | 0.0689 |",first-pass default: reads as a present-tense assertion
docs/HANDOFF.md,183,0.0689,CURRENT,"| **supervised (TRUE LABELS — not deployable; see the label tax below)** | **0.2778** | [0.1500, 0.4167] | 0.1500 | 0.0689 |",first-pass default: reads as a present-tense assertion
docs/HANDOFF.md,184,0.0500,CURRENT,"| v1 hand-set blend | 0.0500 | [0.0222, 0.0778] | 0.0389 | 0.0244 |",first-pass default: reads as a present-tense assertion
docs/HANDOFF.md,184,0.0222,CURRENT,"| v1 hand-set blend | 0.0500 | [0.0222, 0.0778] | 0.0389 | 0.0244 |",first-pass default: reads as a present-tense assertion
docs/HANDOFF.md,184,0.0778,CURRENT,"| v1 hand-set blend | 0.0500 | [0.0222, 0.0778] | 0.0389 | 0.0244 |",first-pass default: reads as a present-tense assertion
docs/HANDOFF.md,184,0.0389,CURRENT,"| v1 hand-set blend | 0.0500 | [0.0222, 0.0778] | 0.0389 | 0.0244 |",first-pass default: reads as a present-tense assertion
docs/HANDOFF.md,184,0.0244,CURRENT,"| v1 hand-set blend | 0.0500 | [0.0222, 0.0778] | 0.0389 | 0.0244 |",first-pass default: reads as a present-tense assertion
docs/HANDOFF.md,185,0.0333,CURRENT,"| size | 0.0333 | [0.0111, 0.0556] | 0.0389 | 0.0233 |",first-pass default: reads as a present-tense assertion
docs/HANDOFF.md,185,0.0111,CURRENT,"| size | 0.0333 | [0.0111, 0.0556] | 0.0389 | 0.0233 |",first-pass default: reads as a present-tense assertion
docs/HANDOFF.md,185,0.0556,CURRENT,"| size | 0.0333 | [0.0111, 0.0556] | 0.0389 | 0.0233 |",first-pass default: reads as a present-tense assertion
docs/HANDOFF.md,185,0.0389,CURRENT,"| size | 0.0333 | [0.0111, 0.0556] | 0.0389 | 0.0233 |",first-pass default: reads as a present-tense assertion
docs/HANDOFF.md,185,0.0233,CURRENT,"| size | 0.0333 | [0.0111, 0.0556] | 0.0389 | 0.0233 |",first-pass default: reads as a present-tense assertion
docs/HANDOFF.md,186,0.0167,CURRENT,"| degree | 0.0167 | [0.0000, 0.0389] | 0.0278 | 0.0211 |",first-pass default: reads as a present-tense assertion
docs/HANDOFF.md,186,0.0000,CURRENT,"| degree | 0.0167 | [0.0000, 0.0389] | 0.0278 | 0.0211 |",first-pass default: reads as a present-tense assertion
docs/HANDOFF.md,186,0.0389,CURRENT,"| degree | 0.0167 | [0.0000, 0.0389] | 0.0278 | 0.0211 |",first-pass default: reads as a present-tense assertion
docs/HANDOFF.md,186,0.0278,CURRENT,"| degree | 0.0167 | [0.0000, 0.0389] | 0.0278 | 0.0211 |",first-pass default: reads as a present-tense assertion
docs/HANDOFF.md,186,0.0211,CURRENT,"| degree | 0.0167 | [0.0000, 0.0389] | 0.0278 | 0.0211 |",first-pass default: reads as a present-tense assertion
docs/HANDOFF.md,187,0.0000,CURRENT,"| random | 0.0000 | [0.0000, 0.0000] | 0.0000 | 0.0000 |",first-pass default: reads as a present-tense assertion
docs/HANDOFF.md,187,0.0000,CURRENT,"| random | 0.0000 | [0.0000, 0.0000] | 0.0000 | 0.0000 |",first-pass default: reads as a present-tense assertion
docs/HANDOFF.md,187,0.0000,CURRENT,"| random | 0.0000 | [0.0000, 0.0000] | 0.0000 | 0.0000 |",first-pass default: reads as a present-tense assertion
docs/HANDOFF.md,187,0.0000,CURRENT,"| random | 0.0000 | [0.0000, 0.0000] | 0.0000 | 0.0000 |",first-pass default: reads as a present-tense assertion
docs/HANDOFF.md,187,0.0000,CURRENT,"| random | 0.0000 | [0.0000, 0.0000] | 0.0000 | 0.0000 |",first-pass default: reads as a present-tense assertion
docs/HANDOFF.md,194,95%,DERIVED,| k | delta | 95% CI | excludes zero? |,line asserts a relationship between two numbers
docs/HANDOFF.md,196,0.2278,CURRENT,"| 10 | **+0.2278** | [+0.1167, +0.3500] | **yes** |",first-pass default: reads as a present-tense assertion
docs/HANDOFF.md,196,0.1167,CURRENT,"| 10 | **+0.2278** | [+0.1167, +0.3500] | **yes** |",first-pass default: reads as a present-tense assertion
docs/HANDOFF.md,196,0.3500,CURRENT,"| 10 | **+0.2278** | [+0.1167, +0.3500] | **yes** |",first-pass default: reads as a present-tense assertion
docs/HANDOFF.md,197,0.1111,CURRENT,"| 20 | +0.1111 | [+0.0528, +0.1778] | **yes** |",first-pass default: reads as a present-tense assertion
docs/HANDOFF.md,197,0.0528,CURRENT,"| 20 | +0.1111 | [+0.0528, +0.1778] | **yes** |",first-pass default: reads as a present-tense assertion
docs/HANDOFF.md,197,0.1778,CURRENT,"| 20 | +0.1111 | [+0.0528, +0.1778] | **yes** |",first-pass default: reads as a present-tense assertion
docs/HANDOFF.md,198,0.0444,CURRENT,"| 50 | +0.0444 | [+0.0222, +0.0678] | **yes** |",first-pass default: reads as a present-tense assertion
docs/HANDOFF.md,198,0.0222,CURRENT,"| 50 | +0.0444 | [+0.0222, +0.0678] | **yes** |",first-pass default: reads as a present-tense assertion
docs/HANDOFF.md,198,0.0678,CURRENT,"| 50 | +0.0444 | [+0.0222, +0.0678] | **yes** |",first-pass default: reads as a present-tense assertion
docs/HANDOFF.md,205,0.2778,CURRENT,**0.2778 candidate-level against 0.2500 distinct-ring** at k=10,first-pass default: reads as a present-tense assertion
docs/HANDOFF.md,205,0.2500,CURRENT,**0.2778 candidate-level against 0.2500 distinct-ring** at k=10,first-pass default: reads as a present-tense assertion
docs/HANDOFF.md,208,0.2778,DERIVED,"computes only the candidate-level figure, so **its 0.2778 — the identical",line asserts a relationship between two numbers
docs/HANDOFF.md,211,0.2500,CURRENT,reading of the headline is therefore 0.2500.,first-pass default: reads as a present-tense assertion
docs/HANDOFF.md,217,0.2778,DERIVED,"cycles). It reaches **p@10 0.2778 [0.1500, 0.4167]** with a paired delta over",line asserts a relationship between two numbers
docs/HANDOFF.md,217,0.1500,DERIVED,"cycles). It reaches **p@10 0.2778 [0.1500, 0.4167]** with a paired delta over",line asserts a relationship between two numbers
docs/HANDOFF.md,217,0.4167,DERIVED,"cycles). It reaches **p@10 0.2778 [0.1500, 0.4167]** with a paired delta over",line asserts a relationship between two numbers
docs/HANDOFF.md,218,0.2278,CURRENT,"the v1 blend of **+0.2278 [+0.1167, +0.3500]** (`data/eval_ranker.json`,",first-pass default: reads as a present-tense assertion
docs/HANDOFF.md,218,0.1167,CURRENT,"the v1 blend of **+0.2278 [+0.1167, +0.3500]** (`data/eval_ranker.json`,",first-pass default: reads as a present-tense assertion
docs/HANDOFF.md,218,0.3500,CURRENT,"the v1 blend of **+0.2278 [+0.1167, +0.3500]** (`data/eval_ranker.json`,",first-pass default: reads as a present-tense assertion
docs/HANDOFF.md,227,0.0222,HISTORICAL,"> on the same 18 cycles: blend p@10 [0.0222, 0.0778] here, [0.0833, 0.3000] in",context carries a past-tense / correction / superseded marker
docs/HANDOFF.md,227,0.0778,HISTORICAL,"> on the same 18 cycles: blend p@10 [0.0222, 0.0778] here, [0.0833, 0.3000] in",context carries a past-tense / correction / superseded marker
docs/HANDOFF.md,227,0.0833,HISTORICAL,"> on the same 18 cycles: blend p@10 [0.0222, 0.0778] here, [0.0833, 0.3000] in",context carries a past-tense / correction / superseded marker
docs/HANDOFF.md,227,0.3000,HISTORICAL,"> on the same 18 cycles: blend p@10 [0.0222, 0.0778] here, [0.0833, 0.3000] in",context carries a past-tense / correction / superseded marker
docs/HANDOFF.md,228,0.2278,HISTORICAL,> `data/eval_ranker.json`. The paired delta is +0.2278 in one and +0.0889 in the,context carries a past-tense / correction / superseded marker
docs/HANDOFF.md,228,0.0889,HISTORICAL,> `data/eval_ranker.json`. The paired delta is +0.2278 in one and +0.0889 in the,context carries a past-tense / correction / superseded marker
docs/HANDOFF.md,229,0.2500,HISTORICAL,"> other. A clean end-to-end re-run supersedes BOTH: supervised 0.2500, blend",context carries a past-tense / correction / superseded marker
docs/HANDOFF.md,230,0.1889,HISTORICAL,"> 0.1889, paired **+0.0611 [+0.0111, +0.1167]** — and `data/eval_ranker.json`",context carries a past-tense / correction / superseded marker
docs/HANDOFF.md,230,0.0611,HISTORICAL,"> 0.1889, paired **+0.0611 [+0.0111, +0.1167]** — and `data/eval_ranker.json`",context carries a past-tense / correction / superseded marker
docs/HANDOFF.md,230,0.0111,HISTORICAL,"> 0.1889, paired **+0.0611 [+0.0111, +0.1167]** — and `data/eval_ranker.json`",context carries a past-tense / correction / superseded marker
docs/HANDOFF.md,230,0.1167,HISTORICAL,"> 0.1889, paired **+0.0611 [+0.0111, +0.1167]** — and `data/eval_ranker.json`",context carries a past-tense / correction / superseded marker
docs/HANDOFF.md,237,0.2778,DERIVED,"**exact, to every digit**: p@10 0.2778 [0.1500, 0.4167] in both files, paired",line asserts a relationship between two numbers
docs/HANDOFF.md,237,0.1500,DERIVED,"**exact, to every digit**: p@10 0.2778 [0.1500, 0.4167] in both files, paired",line asserts a relationship between two numbers
docs/HANDOFF.md,237,0.4167,DERIVED,"**exact, to every digit**: p@10 0.2778 [0.1500, 0.4167] in both files, paired",line asserts a relationship between two numbers
docs/HANDOFF.md,238,0.2278,DERIVED,"delta over the v1 blend +0.2278 [+0.1167, +0.3500] at k=10 and +0.0444 at k=50",line asserts a relationship between two numbers
docs/HANDOFF.md,238,0.1167,DERIVED,"delta over the v1 blend +0.2278 [+0.1167, +0.3500] at k=10 and +0.0444 at k=50",line asserts a relationship between two numbers
docs/HANDOFF.md,238,0.3500,DERIVED,"delta over the v1 blend +0.2278 [+0.1167, +0.3500] at k=10 and +0.0444 at k=50",line asserts a relationship between two numbers
docs/HANDOFF.md,238,0.0444,DERIVED,"delta over the v1 blend +0.2278 [+0.1167, +0.3500] at k=10 and +0.0444 at k=50",line asserts a relationship between two numbers
docs/HANDOFF.md,247,0.2667,HISTORICAL,"oracle p@10 **0.2667** [0.1444, 0.3889], p@20 0.1556, p@50 0.0767, AP 0.2205,",context carries a past-tense / correction / superseded marker
docs/HANDOFF.md,247,0.1444,HISTORICAL,"oracle p@10 **0.2667** [0.1444, 0.3889], p@20 0.1556, p@50 0.0767, AP 0.2205,",context carries a past-tense / correction / superseded marker
docs/HANDOFF.md,247,0.3889,HISTORICAL,"oracle p@10 **0.2667** [0.1444, 0.3889], p@20 0.1556, p@50 0.0767, AP 0.2205,",context carries a past-tense / correction / superseded marker
docs/HANDOFF.md,247,0.1556,HISTORICAL,"oracle p@10 **0.2667** [0.1444, 0.3889], p@20 0.1556, p@50 0.0767, AP 0.2205,",context carries a past-tense / correction / superseded marker
docs/HANDOFF.md,247,0.0767,HISTORICAL,"oracle p@10 **0.2667** [0.1444, 0.3889], p@20 0.1556, p@50 0.0767, AP 0.2205,",context carries a past-tense / correction / superseded marker
docs/HANDOFF.md,247,0.2205,HISTORICAL,"oracle p@10 **0.2667** [0.1444, 0.3889], p@20 0.1556, p@50 0.0767, AP 0.2205,",context carries a past-tense / correction / superseded marker
docs/HANDOFF.md,248,0.0071,HISTORICAL,"F1 0.0071, paired oracle−blend +0.2167 / +0.1167 / +0.0522, and run 2 p@10",context carries a past-tense / correction / superseded marker
docs/HANDOFF.md,248,0.2167,HISTORICAL,"F1 0.0071, paired oracle−blend +0.2167 / +0.1167 / +0.0522, and run 2 p@10",context carries a past-tense / correction / superseded marker
docs/HANDOFF.md,248,0.1167,HISTORICAL,"F1 0.0071, paired oracle−blend +0.2167 / +0.1167 / +0.0522, and run 2 p@10",context carries a past-tense / correction / superseded marker
docs/HANDOFF.md,248,0.0522,HISTORICAL,"F1 0.0071, paired oracle−blend +0.2167 / +0.1167 / +0.0522, and run 2 p@10",context carries a past-tense / correction / superseded marker
docs/HANDOFF.md,249,0.3556,CURRENT,0.3556. They came from a `data/eval_oracle.json` written at **2026-08-29,first-pass default: reads as a present-tense assertion
docs/HANDOFF.md,265,0.0500,HISTORICAL,"depths. Every one of them — blend 0.0500 [0.0222, 0.0778], size 0.0333, degree",context carries a past-tense / correction / superseded marker
docs/HANDOFF.md,265,0.0222,HISTORICAL,"depths. Every one of them — blend 0.0500 [0.0222, 0.0778], size 0.0333, degree",context carries a past-tense / correction / superseded marker
docs/HANDOFF.md,265,0.0778,HISTORICAL,"depths. Every one of them — blend 0.0500 [0.0222, 0.0778], size 0.0333, degree",context carries a past-tense / correction / superseded marker
docs/HANDOFF.md,265,0.0333,HISTORICAL,"depths. Every one of them — blend 0.0500 [0.0222, 0.0778], size 0.0333, degree",context carries a past-tense / correction / superseded marker
docs/HANDOFF.md,266,0.0167,HISTORICAL,"0.0167, random 0.0000 at k=10, and the k=20/k=50 rows — is identical across",context carries a past-tense / correction / superseded marker
docs/HANDOFF.md,266,0.0000,HISTORICAL,"0.0167, random 0.0000 at k=10, and the k=20/k=50 rows — is identical across",context carries a past-tense / correction / superseded marker
docs/HANDOFF.md,273,0.2667,HISTORICAL,re-ranker's p@10 moved from 0.2667 to 0.2778.,context carries a past-tense / correction / superseded marker
docs/HANDOFF.md,273,0.2778,HISTORICAL,re-ranker's p@10 moved from 0.2667 to 0.2778.,context carries a past-tense / correction / superseded marker
docs/HANDOFF.md,275,0.011,HISTORICAL,"It also dissolves the ""two fits, 0.011 apart"" story that used to sit above.",context carries a past-tense / correction / superseded marker
docs/HANDOFF.md,277,0.011,HISTORICAL,`data/eval_oracle.json` now matches it to every digit. The 0.011 was never fit,context carries a past-tense / correction / superseded marker
docs/HANDOFF.md,291,0.2778,CURRENT,"`oracle-random@10` / `pointwise-random@10` = +0.2778 [+0.1500, +0.4167], and",first-pass default: reads as a present-tense assertion
docs/HANDOFF.md,291,0.1500,CURRENT,"`oracle-random@10` / `pointwise-random@10` = +0.2778 [+0.1500, +0.4167], and",first-pass default: reads as a present-tense assertion
docs/HANDOFF.md,291,0.4167,CURRENT,"`oracle-random@10` / `pointwise-random@10` = +0.2778 [+0.1500, +0.4167], and",first-pass default: reads as a present-tense assertion
docs/HANDOFF.md,292,0.2611,CURRENT,"`oracle-degree@10` = +0.2611 [+0.1389, +0.3944]. The claim that survives",first-pass default: reads as a present-tense assertion
docs/HANDOFF.md,292,0.1389,CURRENT,"`oracle-degree@10` = +0.2611 [+0.1389, +0.3944]. The claim that survives",first-pass default: reads as a present-tense assertion
docs/HANDOFF.md,292,0.3944,CURRENT,"`oracle-degree@10` = +0.2611 [+0.1389, +0.3944]. The claim that survives",first-pass default: reads as a present-tense assertion
docs/HANDOFF.md,295,0.088,CURRENT,"scale, the pruning A/B tops out at +0.088 [+0.056, +0.126]",first-pass default: reads as a present-tense assertion
docs/HANDOFF.md,295,0.056,CURRENT,"scale, the pruning A/B tops out at +0.088 [+0.056, +0.126]",first-pass default: reads as a present-tense assertion
docs/HANDOFF.md,295,0.126,CURRENT,"scale, the pruning A/B tops out at +0.088 [+0.056, +0.126]",first-pass default: reads as a present-tense assertion
docs/HANDOFF.md,301,0.0045,CURRENT,The stored F1 of 0.0045 is **not interpreted**: a fixed 0.5 threshold on a pool,first-pass default: reads as a present-tense assertion
docs/HANDOFF.md,302,0.1%,CURRENT,"with ~0.1% positives measures the threshold, not the model — the same pathology",first-pass default: reads as a present-tense assertion
docs/HANDOFF.md,307,0.278,CURRENT,"**Read this in the same breath as the 0.278, never later** — which is why it is",first-pass default: reads as a present-tense assertion
docs/HANDOFF.md,315,0.124,CURRENT,"0.124 against 0.106 for the v1 hand-set**, over 17 held-out cycles, with a",first-pass default: reads as a present-tense assertion
docs/HANDOFF.md,315,0.106,CURRENT,"0.124 against 0.106 for the v1 hand-set**, over 17 held-out cycles, with a",first-pass default: reads as a present-tense assertion
docs/HANDOFF.md,320,0.2778,CURRENT,"| ground-truth ring labels | **0.2778** | 18 | **yes, at every k** ¹ |",first-pass default: reads as a present-tense assertion
docs/HANDOFF.md,321,0.1235,CURRENT,"| simulated analyst verdicts | 0.1235 | 17 | no, at any k ² |",first-pass default: reads as a present-tense assertion
docs/HANDOFF.md,330,0.278,HISTORICAL,"**CORRECTION (later session) — ""0.278 → 0.124 is roughly a 2.25× gap and it is",context carries a past-tense / correction / superseded marker
docs/HANDOFF.md,330,0.124,HISTORICAL,"**CORRECTION (later session) — ""0.278 → 0.124 is roughly a 2.25× gap and it is",context carries a past-tense / correction / superseded marker
docs/HANDOFF.md,330,2.25×,HISTORICAL,"**CORRECTION (later session) — ""0.278 → 0.124 is roughly a 2.25× gap and it is",context carries a past-tense / correction / superseded marker
docs/HANDOFF.md,345,0.124,CURRENT,reached p@10 0.124 over 17 held-out cycles; a truth-trained model on ~170k,first-pass default: reads as a present-tense assertion
docs/HANDOFF.md,346,0.278,CURRENT,candidates reached 0.278 over a different 18. That gap is *consistent with* a,first-pass default: reads as a present-tense assertion
docs/HANDOFF.md,349,2.25×,CURRENT,any one of them could account for the whole 2.25×.,first-pass default: reads as a present-tense assertion
docs/HANDOFF.md,353,2.25×,CURRENT,Naming it is the honest position; claiming the 2.25× is the tax is not.,first-pass default: reads as a present-tense assertion
docs/HANDOFF.md,366,0.278,HISTORICAL,reaches 0.278 when handed clean ring labels; nobody will hand it those; what,context carries a past-tense / correction / superseded marker
docs/HANDOFF.md,370,0.278,CURRENT,**0.278 is NEVER a production number.** It is what these features support under,first-pass default: reads as a present-tense assertion
docs/HANDOFF.md,401,29%,CURRENT,| SCATTER-GATHER | 29% | | FAN-OUT | 14% |,first-pass default: reads as a present-tense assertion
docs/HANDOFF.md,401,14%,CURRENT,| SCATTER-GATHER | 29% | | FAN-OUT | 14% |,first-pass default: reads as a present-tense assertion
docs/HANDOFF.md,402,21%,CURRENT,| GATHER-SCATTER | 21% | | RANDOM | 12% |,first-pass default: reads as a present-tense assertion
docs/HANDOFF.md,402,12%,CURRENT,| GATHER-SCATTER | 21% | | RANDOM | 12% |,first-pass default: reads as a present-tense assertion
docs/HANDOFF.md,403,20%,CURRENT,| FAN-IN | 20% | | STACK | 7% |,first-pass default: reads as a present-tense assertion
docs/HANDOFF.md,403,7%,CURRENT,| FAN-IN | 20% | | STACK | 7% |,first-pass default: reads as a present-tense assertion
docs/HANDOFF.md,404,16%,CURRENT,| CYCLE | 16% | | BIPARTITE | 3% |,first-pass default: reads as a present-tense assertion
docs/HANDOFF.md,404,3%,CURRENT,| CYCLE | 16% | | BIPARTITE | 3% |,first-pass default: reads as a present-tense assertion
docs/HANDOFF.md,406,73.3%,CURRENT,**Structural ceiling is 73.3%** — 88 of 370 rings have ≤2 accounts and have no,first-pass default: reads as a present-tense assertion
docs/HANDOFF.md,413,7.3%,CURRENT,| 10 | 7.3% | 6.4% | **0.068** | 11× |,first-pass default: reads as a present-tense assertion
docs/HANDOFF.md,413,6.4%,CURRENT,| 10 | 7.3% | 6.4% | **0.068** | 11× |,first-pass default: reads as a present-tense assertion
docs/HANDOFF.md,413,0.068,CURRENT,| 10 | 7.3% | 6.4% | **0.068** | 11× |,first-pass default: reads as a present-tense assertion
docs/HANDOFF.md,414,4.3%,CURRENT,| 20 | 4.3% | 7.2% | 0.054 | 6× |,first-pass default: reads as a present-tense assertion
docs/HANDOFF.md,414,7.2%,CURRENT,| 20 | 4.3% | 7.2% | 0.054 | 6× |,first-pass default: reads as a present-tense assertion
docs/HANDOFF.md,414,0.054,CURRENT,| 20 | 4.3% | 7.2% | 0.054 | 6× |,first-pass default: reads as a present-tense assertion
docs/HANDOFF.md,415,2.0%,CURRENT,| 50 | 2.0% | 8.5% | 0.032 | 3× |,first-pass default: reads as a present-tense assertion
docs/HANDOFF.md,415,8.5%,CURRENT,| 50 | 2.0% | 8.5% | 0.032 | 3× |,first-pass default: reads as a present-tense assertion
docs/HANDOFF.md,415,0.032,CURRENT,| 50 | 2.0% | 8.5% | 0.032 | 3× |,first-pass default: reads as a present-tense assertion
docs/HANDOFF.md,416,1.3%,CURRENT,| 100 | 1.3% | 10.7% | 0.023 | 2× |,first-pass default: reads as a present-tense assertion
docs/HANDOFF.md,416,10.7%,CURRENT,| 100 | 1.3% | 10.7% | 0.023 | 2× |,first-pass default: reads as a present-tense assertion
docs/HANDOFF.md,416,0.023,CURRENT,| 100 | 1.3% | 10.7% | 0.023 | 2× |,first-pass default: reads as a present-tense assertion
docs/HANDOFF.md,417,0.7%,HISTORICAL,| 500 | 0.7% | 24.1% | 0.015 | 1× |,context carries a past-tense / correction / superseded marker
docs/HANDOFF.md,417,24.1%,HISTORICAL,| 500 | 0.7% | 24.1% | 0.015 | 1× |,context carries a past-tense / correction / superseded marker
docs/HANDOFF.md,417,0.015,HISTORICAL,| 500 | 0.7% | 24.1% | 0.015 | 1× |,context carries a past-tense / correction / superseded marker
docs/HANDOFF.md,421,0.069,HISTORICAL,"Two independent problems, found while checking whether the ""0.069, roughly 6×",context carries a past-tense / correction / superseded marker
docs/HANDOFF.md,438,0.0113,CURRENT,"**AP = 0.0113 against a base rate of 0.0067 -- a 1.7× lift**, not the 10-11×",first-pass default: reads as a present-tense assertion
docs/HANDOFF.md,438,0.0067,CURRENT,"**AP = 0.0113 against a base rate of 0.0067 -- a 1.7× lift**, not the 10-11×",first-pass default: reads as a present-tense assertion
docs/HANDOFF.md,438,1.7×,CURRENT,"**AP = 0.0113 against a base rate of 0.0067 -- a 1.7× lift**, not the 10-11×",first-pass default: reads as a present-tense assertion
docs/HANDOFF.md,439,1.7×,CURRENT,"the top-10 table suggests. The gap between ""11× at k=10"" and ""1.7× over",first-pass default: reads as a present-tense assertion
docs/HANDOFF.md,447,1.7×,HISTORICAL,"whole population, is barely above base rate (1.7×), and the top-k table above",context carries a past-tense / correction / superseded marker
docs/HANDOFF.md,459,26.9%,CURRENT,"| Standard GNN, no adaptations | 26.9% |",first-pass default: reads as a present-tense assertion
docs/HANDOFF.md,460,42.9%,CURRENT,| GNN + reverse MP + port numbering + ego IDs | 42.9% |,first-pass default: reads as a present-tense assertion
docs/HANDOFF.md,461,57.2%,CURRENT,"| GIN, adapted | 57.2% |",first-pass default: reads as a present-tense assertion
docs/HANDOFF.md,462,0.068,CURRENT,"| **This project's shipped v1 blend (unsupervised), top-10 slice, uncalibrated** | 0.068 |",first-pass default: reads as a present-tense assertion
docs/HANDOFF.md,463,0.011,CURRENT,"| **This project's shipped v1 blend (unsupervised), threshold-free, whole population** | **AP 0.011 (1.7× base rate)** |",first-pass default: reads as a present-tense assertion
docs/HANDOFF.md,463,1.7×,CURRENT,"| **This project's shipped v1 blend (unsupervised), threshold-free, whole population** | **AP 0.011 (1.7× base rate)** |",first-pass default: reads as a present-tense assertion
docs/HANDOFF.md,473,0.2778,HISTORICAL,on nothing. The repo also contains a supervised result — [p@10 0.2778,context carries a past-tense / correction / superseded marker
docs/HANDOFF.md,528,80%,CURRENT,"implemented here — pass-through velocity, the 80%-within-48h rule, dormancy,",first-pass default: reads as a present-tense assertion
docs/HANDOFF.md,582,99%,CURRENT,Production rule-based AML runs at **95–99% false-positive rates**; alert→SAR,first-pass default: reads as a present-tense assertion
docs/HANDOFF.md,583,5%,CURRENT,"conversion is **under 5%, one bank survey found 2.8%**. Investigation burden",first-pass default: reads as a present-tense assertion
docs/HANDOFF.md,583,2.8%,CURRENT,"conversion is **under 5%, one bank survey found 2.8%**. Investigation burden",first-pass default: reads as a present-tense assertion
docs/HANDOFF.md,586,0.049,CURRENT,p@20 = 0.049 means **5% of the top-20 are real rings — at or slightly above,first-pass default: reads as a present-tense assertion
docs/HANDOFF.md,586,5%,CURRENT,p@20 = 0.049 means **5% of the top-20 are real rings — at or slightly above,first-pass default: reads as a present-tense assertion
docs/HANDOFF.md,598,0%,CURRENT,| BIPARTITE | 10 | **0 (0%)** | 0 |,first-pass default: reads as a present-tense assertion
docs/HANDOFF.md,599,0%,CURRENT,| FAN-OUT | 17 | **0 (0%)** | 0 |,first-pass default: reads as a present-tense assertion
docs/HANDOFF.md,600,0%,CURRENT,| RANDOM | 8 | **0 (0%)** | 0 |,first-pass default: reads as a present-tense assertion
docs/HANDOFF.md,601,0%,CURRENT,| STACK | 15 | **0 (0%)** | 0 |,first-pass default: reads as a present-tense assertion
docs/HANDOFF.md,602,53%,CURRENT,| FAN-IN | 15 | 8 (53%) | 0 |,first-pass default: reads as a present-tense assertion
docs/HANDOFF.md,603,61%,CURRENT,| GATHER-SCATTER | 18 | 11 (61%) | 1 |,first-pass default: reads as a present-tense assertion
docs/HANDOFF.md,604,67%,CURRENT,| SCATTER-GATHER | 15 | 10 (67%) | 0 |,first-pass default: reads as a present-tense assertion
docs/HANDOFF.md,605,26%,CURRENT,| **Total** | **114** | **30 (26%)** | **1 (1%)** |,first-pass default: reads as a present-tense assertion
docs/HANDOFF.md,605,1%,CURRENT,| **Total** | **114** | **30 (26%)** | **1 (1%)** |,first-pass default: reads as a present-tense assertion
docs/HANDOFF.md,607,26%,CURRENT,**Only 26% of active rings become candidates at all. Four typologies are never,first-pass default: reads as a present-tense assertion
docs/HANDOFF.md,620,78.6%,CURRENT,**Missed because** Phase 2 measured seed recall at 78.6% aggregated over ring,first-pass default: reads as a present-tense assertion
docs/HANDOFF.md,633,74%,CURRENT,ranking layer exists to absorb. **74% of rings are currently unreachable at any,first-pass default: reads as a present-tense assertion
docs/HANDOFF.md,637,50%,CURRENT,on 50% of candidates and `cross_border` on 61% — near-constants that cannot,first-pass default: reads as a present-tense assertion
docs/HANDOFF.md,637,61%,CURRENT,on 50% of candidates and `cross_border` on 61% — near-constants that cannot,first-pass default: reads as a present-tense assertion
docs/HANDOFF.md,641,26%,HISTORICAL,### 5b. CORRECTION (later session) — the 26%/0% diagnosis above does not hold,context carries a past-tense / correction / superseded marker
docs/HANDOFF.md,641,0%,HISTORICAL,### 5b. CORRECTION (later session) — the 26%/0% diagnosis above does not hold,context carries a past-tense / correction / superseded marker
docs/HANDOFF.md,649,100%,CURRENT,| BIPARTITE | 31 (100%) | 28 (90%) | **1 (3%)** | 0 (0%) |,first-pass default: reads as a present-tense assertion
docs/HANDOFF.md,649,90%,CURRENT,| BIPARTITE | 31 (100%) | 28 (90%) | **1 (3%)** | 0 (0%) |,first-pass default: reads as a present-tense assertion
docs/HANDOFF.md,649,3%,CURRENT,| BIPARTITE | 31 (100%) | 28 (90%) | **1 (3%)** | 0 (0%) |,first-pass default: reads as a present-tense assertion
docs/HANDOFF.md,649,0%,CURRENT,| BIPARTITE | 31 (100%) | 28 (90%) | **1 (3%)** | 0 (0%) |,first-pass default: reads as a present-tense assertion
docs/HANDOFF.md,650,100%,CURRENT,| CYCLE | 37 (100%) | 31 (84%) | 21 (57%) | 3 (8%) |,first-pass default: reads as a present-tense assertion
docs/HANDOFF.md,650,84%,CURRENT,| CYCLE | 37 (100%) | 31 (84%) | 21 (57%) | 3 (8%) |,first-pass default: reads as a present-tense assertion
docs/HANDOFF.md,650,57%,CURRENT,| CYCLE | 37 (100%) | 31 (84%) | 21 (57%) | 3 (8%) |,first-pass default: reads as a present-tense assertion
docs/HANDOFF.md,650,8%,CURRENT,| CYCLE | 37 (100%) | 31 (84%) | 21 (57%) | 3 (8%) |,first-pass default: reads as a present-tense assertion
docs/HANDOFF.md,651,100%,CURRENT,| FAN-IN | 30 (100%) | 26 (87%) | 23 (77%) | 5 (17%) |,first-pass default: reads as a present-tense assertion
docs/HANDOFF.md,651,87%,CURRENT,| FAN-IN | 30 (100%) | 26 (87%) | 23 (77%) | 5 (17%) |,first-pass default: reads as a present-tense assertion
docs/HANDOFF.md,651,77%,CURRENT,| FAN-IN | 30 (100%) | 26 (87%) | 23 (77%) | 5 (17%) |,first-pass default: reads as a present-tense assertion
docs/HANDOFF.md,651,17%,CURRENT,| FAN-IN | 30 (100%) | 26 (87%) | 23 (77%) | 5 (17%) |,first-pass default: reads as a present-tense assertion
docs/HANDOFF.md,652,100%,CURRENT,| FAN-OUT | 36 (100%) | 30 (83%) | 23 (64%) | 5 (14%) |,first-pass default: reads as a present-tense assertion
docs/HANDOFF.md,652,83%,CURRENT,| FAN-OUT | 36 (100%) | 30 (83%) | 23 (64%) | 5 (14%) |,first-pass default: reads as a present-tense assertion
docs/HANDOFF.md,652,64%,CURRENT,| FAN-OUT | 36 (100%) | 30 (83%) | 23 (64%) | 5 (14%) |,first-pass default: reads as a present-tense assertion
docs/HANDOFF.md,652,14%,CURRENT,| FAN-OUT | 36 (100%) | 30 (83%) | 23 (64%) | 5 (14%) |,first-pass default: reads as a present-tense assertion
docs/HANDOFF.md,653,100%,CURRENT,| GATHER-SCATTER | 38 (100%) | 35 (92%) | 29 (76%) | 8 (21%) |,first-pass default: reads as a present-tense assertion
docs/HANDOFF.md,653,92%,CURRENT,| GATHER-SCATTER | 38 (100%) | 35 (92%) | 29 (76%) | 8 (21%) |,first-pass default: reads as a present-tense assertion
docs/HANDOFF.md,653,76%,CURRENT,| GATHER-SCATTER | 38 (100%) | 35 (92%) | 29 (76%) | 8 (21%) |,first-pass default: reads as a present-tense assertion
docs/HANDOFF.md,653,21%,CURRENT,| GATHER-SCATTER | 38 (100%) | 35 (92%) | 29 (76%) | 8 (21%) |,first-pass default: reads as a present-tense assertion
docs/HANDOFF.md,654,100%,CURRENT,| RANDOM | 26 (100%) | 22 (85%) | 13 (50%) | 3 (12%) |,first-pass default: reads as a present-tense assertion
docs/HANDOFF.md,654,85%,CURRENT,| RANDOM | 26 (100%) | 22 (85%) | 13 (50%) | 3 (12%) |,first-pass default: reads as a present-tense assertion
docs/HANDOFF.md,654,50%,CURRENT,| RANDOM | 26 (100%) | 22 (85%) | 13 (50%) | 3 (12%) |,first-pass default: reads as a present-tense assertion
docs/HANDOFF.md,654,12%,CURRENT,| RANDOM | 26 (100%) | 22 (85%) | 13 (50%) | 3 (12%) |,first-pass default: reads as a present-tense assertion
docs/HANDOFF.md,655,100%,CURRENT,| SCATTER-GATHER | 31 (100%) | 28 (90%) | 26 (84%) | 8 (26%) |,first-pass default: reads as a present-tense assertion
docs/HANDOFF.md,655,90%,CURRENT,| SCATTER-GATHER | 31 (100%) | 28 (90%) | 26 (84%) | 8 (26%) |,first-pass default: reads as a present-tense assertion
docs/HANDOFF.md,655,84%,CURRENT,| SCATTER-GATHER | 31 (100%) | 28 (90%) | 26 (84%) | 8 (26%) |,first-pass default: reads as a present-tense assertion
docs/HANDOFF.md,655,26%,CURRENT,| SCATTER-GATHER | 31 (100%) | 28 (90%) | 26 (84%) | 8 (26%) |,first-pass default: reads as a present-tense assertion
docs/HANDOFF.md,656,100%,CURRENT,| STACK | 30 (100%) | **30 (100%)** | **4 (13%)** | 2 (7%) |,first-pass default: reads as a present-tense assertion
docs/HANDOFF.md,656,100%,CURRENT,| STACK | 30 (100%) | **30 (100%)** | **4 (13%)** | 2 (7%) |,first-pass default: reads as a present-tense assertion
docs/HANDOFF.md,656,13%,CURRENT,| STACK | 30 (100%) | **30 (100%)** | **4 (13%)** | 2 (7%) |,first-pass default: reads as a present-tense assertion
docs/HANDOFF.md,656,7%,CURRENT,| STACK | 30 (100%) | **30 (100%)** | **4 (13%)** | 2 (7%) |,first-pass default: reads as a present-tense assertion
docs/HANDOFF.md,657,100%,CURRENT,| **TOTAL** | **259 (100%)** | **230 (89%)** | **140 (54%)** | **34 (13%)** |,first-pass default: reads as a present-tense assertion
docs/HANDOFF.md,657,89%,CURRENT,| **TOTAL** | **259 (100%)** | **230 (89%)** | **140 (54%)** | **34 (13%)** |,first-pass default: reads as a present-tense assertion
docs/HANDOFF.md,657,54%,CURRENT,| **TOTAL** | **259 (100%)** | **230 (89%)** | **140 (54%)** | **34 (13%)** |,first-pass default: reads as a present-tense assertion
docs/HANDOFF.md,657,13%,CURRENT,| **TOTAL** | **259 (100%)** | **230 (89%)** | **140 (54%)** | **34 (13%)** |,first-pass default: reads as a present-tense assertion
docs/HANDOFF.md,659,26%,HISTORICAL,"Not 26% built, not four typologies at 0%. **Seeding reaches 89% of active",context carries a past-tense / correction / superseded marker
docs/HANDOFF.md,659,0%,HISTORICAL,"Not 26% built, not four typologies at 0%. **Seeding reaches 89% of active",context carries a past-tense / correction / superseded marker
docs/HANDOFF.md,659,89%,HISTORICAL,"Not 26% built, not four typologies at 0%. **Seeding reaches 89% of active",context carries a past-tense / correction / superseded marker
docs/HANDOFF.md,660,100%,HISTORICAL,"rings overall, and BIPARTITE/FAN-OUT/RANDOM/STACK are seeded at 83-100%, not",context carries a past-tense / correction / superseded marker
docs/HANDOFF.md,661,0%,HISTORICAL,0%.** The reason §5's diagnosis was wrong: the seed rule (`gen.seeds`) checks,context carries a past-tense / correction / superseded marker
docs/HANDOFF.md,674,100%,CURRENT,seeded almost perfectly (90-100%) but collapse to 3% and 13% built. The,first-pass default: reads as a present-tense assertion
docs/HANDOFF.md,674,3%,CURRENT,seeded almost perfectly (90-100%) but collapse to 3% and 13% built. The,first-pass default: reads as a present-tense assertion
docs/HANDOFF.md,674,13%,CURRENT,seeded almost perfectly (90-100%) but collapse to 3% and 13% built. The,first-pass default: reads as a present-tense assertion
docs/HANDOFF.md,676,50%,HISTORICAL,"assemble a candidate whose node set clears the hit floor (50% containment,",context carries a past-tense / correction / superseded marker
docs/HANDOFF.md,682,54%,CURRENT,"2. **A severe built→ranked drop, in every typology.** 54% built → 13% ranked",first-pass default: reads as a present-tense assertion
docs/HANDOFF.md,682,13%,CURRENT,"2. **A severe built→ranked drop, in every typology.** 54% built → 13% ranked",first-pass default: reads as a present-tense assertion
docs/HANDOFF.md,691,95%,HISTORICAL,Bootstrap 95% CIs (resampled over the 34 generation cycles;,context carries a past-tense / correction / superseded marker
docs/HANDOFF.md,692,0.085,CURRENT,"`sentinel/eval/bootstrap.py`) on the headline numbers: p@10 = 0.085 [0.059,",first-pass default: reads as a present-tense assertion
docs/HANDOFF.md,692,0.059,CURRENT,"`sentinel/eval/bootstrap.py`) on the headline numbers: p@10 = 0.085 [0.059,",first-pass default: reads as a present-tense assertion
docs/HANDOFF.md,693,0.115,CURRENT,"0.115], p@20 = 0.049 [0.032, 0.065], p@50 = 0.024 [0.016, 0.032]. The re-ranker",first-pass default: reads as a present-tense assertion
docs/HANDOFF.md,693,0.049,CURRENT,"0.115], p@20 = 0.049 [0.032, 0.065], p@50 = 0.024 [0.016, 0.032]. The re-ranker",first-pass default: reads as a present-tense assertion
docs/HANDOFF.md,693,0.032,CURRENT,"0.115], p@20 = 0.049 [0.032, 0.065], p@50 = 0.024 [0.016, 0.032]. The re-ranker",first-pass default: reads as a present-tense assertion
docs/HANDOFF.md,693,0.065,CURRENT,"0.115], p@20 = 0.049 [0.032, 0.065], p@50 = 0.024 [0.016, 0.032]. The re-ranker",first-pass default: reads as a present-tense assertion
docs/HANDOFF.md,693,0.024,CURRENT,"0.115], p@20 = 0.049 [0.032, 0.065], p@50 = 0.024 [0.016, 0.032]. The re-ranker",first-pass default: reads as a present-tense assertion
docs/HANDOFF.md,693,0.016,CURRENT,"0.115], p@20 = 0.049 [0.032, 0.065], p@50 = 0.024 [0.016, 0.032]. The re-ranker",first-pass default: reads as a present-tense assertion
docs/HANDOFF.md,693,0.032,CURRENT,"0.115], p@20 = 0.049 [0.032, 0.065], p@50 = 0.024 [0.016, 0.032]. The re-ranker",first-pass default: reads as a present-tense assertion
docs/HANDOFF.md,718,50%,CURRENT,| **BUILT** (clears containment ≥50% *and* Jaccard ≥0.3) | 115 | 50% |,first-pass default: reads as a present-tense assertion
docs/HANDOFF.md,718,50%,CURRENT,| **BUILT** (clears containment ≥50% *and* Jaccard ≥0.3) | 115 | 50% |,first-pass default: reads as a present-tense assertion
docs/HANDOFF.md,719,50%,CURRENT,"| **DILUTION_FAIL** (≥50% of the ring found, then Jaccard <0.3) | 88 | **38%** |",first-pass default: reads as a present-tense assertion
docs/HANDOFF.md,719,38%,CURRENT,"| **DILUTION_FAIL** (≥50% of the ring found, then Jaccard <0.3) | 88 | **38%** |",first-pass default: reads as a present-tense assertion
docs/HANDOFF.md,720,50%,CURRENT,| **CONTAINMENT_FAIL** (never reached ≥50% of the ring) | 27 | 12% |,first-pass default: reads as a present-tense assertion
docs/HANDOFF.md,720,12%,CURRENT,| **CONTAINMENT_FAIL** (never reached ≥50% of the ring) | 27 | 12% |,first-pass default: reads as a present-tense assertion
docs/HANDOFF.md,721,88%,CURRENT,| **FOUND at containment alone** | **203** | **88%** |,first-pass default: reads as a present-tense assertion
docs/HANDOFF.md,744,38%,DERIVED,"- **38% of all seeded rings are found and then rejected by the metric**, vs",line asserts a relationship between two numbers
docs/HANDOFF.md,745,12%,CURRENT,12% genuinely not reached. The dominant term in the built-stage loss is,first-pass default: reads as a present-tense assertion
docs/HANDOFF.md,781,89%,CURRENT,| seeded | 230 (89%) | 230 (89%) |,first-pass default: reads as a present-tense assertion
docs/HANDOFF.md,781,89%,CURRENT,| seeded | 230 (89%) | 230 (89%) |,first-pass default: reads as a present-tense assertion
docs/HANDOFF.md,782,54%,CURRENT,| **built** | 140 (54%) | **162 (63%)** |,first-pass default: reads as a present-tense assertion
docs/HANDOFF.md,782,63%,CURRENT,| **built** | 140 (54%) | **162 (63%)** |,first-pass default: reads as a present-tense assertion
docs/HANDOFF.md,783,13%,CURRENT,| **ranked (top-50)** | 34 (13%) | **49 (19%)** |,first-pass default: reads as a present-tense assertion
docs/HANDOFF.md,783,19%,CURRENT,| **ranked (top-50)** | 34 (13%) | **49 (19%)** |,first-pass default: reads as a present-tense assertion
docs/HANDOFF.md,784,3%,CURRENT,| BIPARTITE built | 1 (3%) | 5 (16%) |,first-pass default: reads as a present-tense assertion
docs/HANDOFF.md,784,16%,CURRENT,| BIPARTITE built | 1 (3%) | 5 (16%) |,first-pass default: reads as a present-tense assertion
docs/HANDOFF.md,785,13%,CURRENT,| STACK built | 4 (13%) | 9 (30%) |,first-pass default: reads as a present-tense assertion
docs/HANDOFF.md,785,30%,CURRENT,| STACK built | 4 (13%) | 9 (30%) |,first-pass default: reads as a present-tense assertion
docs/HANDOFF.md,786,57%,CURRENT,| CYCLE built | 21 (57%) | 28 (76%) |,first-pass default: reads as a present-tense assertion
docs/HANDOFF.md,786,76%,CURRENT,| CYCLE built | 21 (57%) | 28 (76%) |,first-pass default: reads as a present-tense assertion
docs/HANDOFF.md,788,95%,CURRENT,| metric | before (95% CI) | after (95% CI) | CIs overlap? |,first-pass default: reads as a present-tense assertion
docs/HANDOFF.md,788,95%,CURRENT,| metric | before (95% CI) | after (95% CI) | CIs overlap? |,first-pass default: reads as a present-tense assertion
docs/HANDOFF.md,790,0.085,CURRENT,"| p@10 | 0.085 [0.059, 0.115] | 0.097 [0.068, 0.126] | yes — not distinguishable |",first-pass default: reads as a present-tense assertion
docs/HANDOFF.md,790,0.059,CURRENT,"| p@10 | 0.085 [0.059, 0.115] | 0.097 [0.068, 0.126] | yes — not distinguishable |",first-pass default: reads as a present-tense assertion
docs/HANDOFF.md,790,0.115,CURRENT,"| p@10 | 0.085 [0.059, 0.115] | 0.097 [0.068, 0.126] | yes — not distinguishable |",first-pass default: reads as a present-tense assertion
docs/HANDOFF.md,790,0.097,CURRENT,"| p@10 | 0.085 [0.059, 0.115] | 0.097 [0.068, 0.126] | yes — not distinguishable |",first-pass default: reads as a present-tense assertion
docs/HANDOFF.md,790,0.068,CURRENT,"| p@10 | 0.085 [0.059, 0.115] | 0.097 [0.068, 0.126] | yes — not distinguishable |",first-pass default: reads as a present-tense assertion
docs/HANDOFF.md,790,0.126,CURRENT,"| p@10 | 0.085 [0.059, 0.115] | 0.097 [0.068, 0.126] | yes — not distinguishable |",first-pass default: reads as a present-tense assertion
docs/HANDOFF.md,791,0.049,CURRENT,"| p@20 | 0.049 [0.032, 0.065] | 0.079 [0.059, 0.100] | barely |",first-pass default: reads as a present-tense assertion
docs/HANDOFF.md,791,0.032,CURRENT,"| p@20 | 0.049 [0.032, 0.065] | 0.079 [0.059, 0.100] | barely |",first-pass default: reads as a present-tense assertion
docs/HANDOFF.md,791,0.065,CURRENT,"| p@20 | 0.049 [0.032, 0.065] | 0.079 [0.059, 0.100] | barely |",first-pass default: reads as a present-tense assertion
docs/HANDOFF.md,791,0.079,CURRENT,"| p@20 | 0.049 [0.032, 0.065] | 0.079 [0.059, 0.100] | barely |",first-pass default: reads as a present-tense assertion
docs/HANDOFF.md,791,0.059,CURRENT,"| p@20 | 0.049 [0.032, 0.065] | 0.079 [0.059, 0.100] | barely |",first-pass default: reads as a present-tense assertion
docs/HANDOFF.md,791,0.100,CURRENT,"| p@20 | 0.049 [0.032, 0.065] | 0.079 [0.059, 0.100] | barely |",first-pass default: reads as a present-tense assertion
docs/HANDOFF.md,792,0.024,CURRENT,"| **p@50** | 0.024 [0.016, 0.032] | **0.043 [0.033, 0.054]** | **no — real** |",first-pass default: reads as a present-tense assertion
docs/HANDOFF.md,792,0.016,CURRENT,"| **p@50** | 0.024 [0.016, 0.032] | **0.043 [0.033, 0.054]** | **no — real** |",first-pass default: reads as a present-tense assertion
docs/HANDOFF.md,792,0.032,CURRENT,"| **p@50** | 0.024 [0.016, 0.032] | **0.043 [0.033, 0.054]** | **no — real** |",first-pass default: reads as a present-tense assertion
docs/HANDOFF.md,792,0.043,CURRENT,"| **p@50** | 0.024 [0.016, 0.032] | **0.043 [0.033, 0.054]** | **no — real** |",first-pass default: reads as a present-tense assertion
docs/HANDOFF.md,792,0.033,CURRENT,"| **p@50** | 0.024 [0.016, 0.032] | **0.043 [0.033, 0.054]** | **no — real** |",first-pass default: reads as a present-tense assertion
docs/HANDOFF.md,792,0.054,CURRENT,"| **p@50** | 0.024 [0.016, 0.032] | **0.043 [0.033, 0.054]** | **no — real** |",first-pass default: reads as a present-tense assertion
docs/HANDOFF.md,793,15.4%,CURRENT,| ring recall | 15.4% | **20.1%** | — |,first-pass default: reads as a present-tense assertion
docs/HANDOFF.md,793,20.1%,CURRENT,| ring recall | 15.4% | **20.1%** | — |,first-pass default: reads as a present-tense assertion
docs/HANDOFF.md,801,0.097,CURRENT,| **score** | **0.097** | **0.079** | 0.043 | **20.1%** |,first-pass default: reads as a present-tense assertion
docs/HANDOFF.md,801,0.079,CURRENT,| **score** | **0.097** | **0.079** | 0.043 | **20.1%** |,first-pass default: reads as a present-tense assertion
docs/HANDOFF.md,801,0.043,CURRENT,| **score** | **0.097** | **0.079** | 0.043 | **20.1%** |,first-pass default: reads as a present-tense assertion
docs/HANDOFF.md,801,20.1%,CURRENT,| **score** | **0.097** | **0.079** | 0.043 | **20.1%** |,first-pass default: reads as a present-tense assertion
docs/HANDOFF.md,802,0.088,CURRENT,| size | 0.088 | 0.074 | **0.049** | 18.5% |,first-pass default: reads as a present-tense assertion
docs/HANDOFF.md,802,0.074,CURRENT,| size | 0.088 | 0.074 | **0.049** | 18.5% |,first-pass default: reads as a present-tense assertion
docs/HANDOFF.md,802,0.049,CURRENT,| size | 0.088 | 0.074 | **0.049** | 18.5% |,first-pass default: reads as a present-tense assertion
docs/HANDOFF.md,802,18.5%,CURRENT,| size | 0.088 | 0.074 | **0.049** | 18.5% |,first-pass default: reads as a present-tense assertion
docs/HANDOFF.md,803,0.062,CURRENT,| degree | 0.062 | 0.071 | 0.047 | 16.6% |,first-pass default: reads as a present-tense assertion
docs/HANDOFF.md,803,0.071,CURRENT,| degree | 0.062 | 0.071 | 0.047 | 16.6% |,first-pass default: reads as a present-tense assertion
docs/HANDOFF.md,803,0.047,CURRENT,| degree | 0.062 | 0.071 | 0.047 | 16.6% |,first-pass default: reads as a present-tense assertion
docs/HANDOFF.md,803,16.6%,CURRENT,| degree | 0.062 | 0.071 | 0.047 | 16.6% |,first-pass default: reads as a present-tense assertion
docs/HANDOFF.md,804,0.000,CURRENT,| random | 0.000 | 0.001 | 0.002 | 5.0% |,first-pass default: reads as a present-tense assertion
docs/HANDOFF.md,804,0.001,CURRENT,| random | 0.000 | 0.001 | 0.002 | 5.0% |,first-pass default: reads as a present-tense assertion
docs/HANDOFF.md,804,0.002,CURRENT,| random | 0.000 | 0.001 | 0.002 | 5.0% |,first-pass default: reads as a present-tense assertion
docs/HANDOFF.md,804,5.0%,CURRENT,| random | 0.000 | 0.001 | 0.002 | 5.0% |,first-pass default: reads as a present-tense assertion
docs/HANDOFF.md,807,15.4%,DERIVED,roughly **7×** (ring recall 15.4% vs 2.3%) to **1.09×** (20.1% vs 18.5%) —,line asserts a relationship between two numbers
docs/HANDOFF.md,807,2.3%,DERIVED,roughly **7×** (ring recall 15.4% vs 2.3%) to **1.09×** (20.1% vs 18.5%) —,line asserts a relationship between two numbers
docs/HANDOFF.md,807,1.09×,DERIVED,roughly **7×** (ring recall 15.4% vs 2.3%) to **1.09×** (20.1% vs 18.5%) —,line asserts a relationship between two numbers
docs/HANDOFF.md,807,20.1%,DERIVED,roughly **7×** (ring recall 15.4% vs 2.3%) to **1.09×** (20.1% vs 18.5%) —,line asserts a relationship between two numbers
docs/HANDOFF.md,807,18.5%,DERIVED,roughly **7×** (ring recall 15.4% vs 2.3%) to **1.09×** (20.1% vs 18.5%) —,line asserts a relationship between two numbers
docs/HANDOFF.md,808,0.049,DERIVED,and **at p@50 the size baseline now beats the score outright** (0.049 vs,line asserts a relationship between two numbers
docs/HANDOFF.md,809,0.043,HISTORICAL,0.043).,context carries a past-tense / correction / superseded marker
docs/HANDOFF.md,816,100%,HISTORICAL,> the wrong way. `gargaml` and `stack` fire on 100% and 99.6% of candidates at,context carries a past-tense / correction / superseded marker
docs/HANDOFF.md,816,99.6%,HISTORICAL,> the wrong way. `gargaml` and `stack` fire on 100% and 99.6% of candidates at,context carries a past-tense / correction / superseded marker
docs/HANDOFF.md,817,0.915,HISTORICAL,"> means of 0.915 and 0.910, so only their variance reaches the ranking, and",context carries a past-tense / correction / superseded marker
docs/HANDOFF.md,817,0.910,HISTORICAL,"> means of 0.915 and 0.910, so only their variance reaches the ranking, and",context carries a past-tense / correction / superseded marker
docs/HANDOFF.md,819,0.4534,CURRENT,> exactly constant they score AUC 0.4534 and 0.4552 — below 0.5 on their own,first-pass default: reads as a present-tense assertion
docs/HANDOFF.md,819,0.4552,CURRENT,> exactly constant they score AUC 0.4534 and 0.4552 — below 0.5 on their own,first-pass default: reads as a present-tense assertion
docs/HANDOFF.md,821,1%,CURRENT,"> smallness, drowning out terms that fire on under 1% of candidates but fire",first-pass default: reads as a present-tense assertion
docs/HANDOFF.md,828,0.291,CURRENT,> | **score** | **0.291** | **0.157** | **0.076** | **23.9%** |,first-pass default: reads as a present-tense assertion
docs/HANDOFF.md,828,0.157,CURRENT,> | **score** | **0.291** | **0.157** | **0.076** | **23.9%** |,first-pass default: reads as a present-tense assertion
docs/HANDOFF.md,828,0.076,CURRENT,> | **score** | **0.291** | **0.157** | **0.076** | **23.9%** |,first-pass default: reads as a present-tense assertion
docs/HANDOFF.md,828,23.9%,CURRENT,> | **score** | **0.291** | **0.157** | **0.076** | **23.9%** |,first-pass default: reads as a present-tense assertion
docs/HANDOFF.md,829,0.094,CURRENT,> | size | 0.094 | 0.074 | 0.051 | 18.5% |,first-pass default: reads as a present-tense assertion
docs/HANDOFF.md,829,0.074,CURRENT,> | size | 0.094 | 0.074 | 0.051 | 18.5% |,first-pass default: reads as a present-tense assertion
docs/HANDOFF.md,829,0.051,CURRENT,> | size | 0.094 | 0.074 | 0.051 | 18.5% |,first-pass default: reads as a present-tense assertion
docs/HANDOFF.md,829,18.5%,CURRENT,> | size | 0.094 | 0.074 | 0.051 | 18.5% |,first-pass default: reads as a present-tense assertion
docs/HANDOFF.md,830,0.065,CURRENT,> | degree | 0.065 | 0.072 | 0.049 | 16.6% |,first-pass default: reads as a present-tense assertion
docs/HANDOFF.md,830,0.072,CURRENT,> | degree | 0.065 | 0.072 | 0.049 | 16.6% |,first-pass default: reads as a present-tense assertion
docs/HANDOFF.md,830,0.049,CURRENT,> | degree | 0.065 | 0.072 | 0.049 | 16.6% |,first-pass default: reads as a present-tense assertion
docs/HANDOFF.md,830,16.6%,CURRENT,> | degree | 0.065 | 0.072 | 0.049 | 16.6% |,first-pass default: reads as a present-tense assertion
docs/HANDOFF.md,831,0.000,CURRENT,> | random | 0.000 | 0.004 | 0.004 | 5.4% |,first-pass default: reads as a present-tense assertion
docs/HANDOFF.md,831,0.004,CURRENT,> | random | 0.000 | 0.004 | 0.004 | 5.4% |,first-pass default: reads as a present-tense assertion
docs/HANDOFF.md,831,0.004,CURRENT,> | random | 0.000 | 0.004 | 0.004 | 5.4% |,first-pass default: reads as a present-tense assertion
docs/HANDOFF.md,831,5.4%,CURRENT,> | random | 0.000 | 0.004 | 0.004 | 5.4% |,first-pass default: reads as a present-tense assertion
docs/HANDOFF.md,833,0.197,HISTORICAL,"> Paired, score minus size: +0.197 [+0.124, +0.268] at k=10, +0.084 [+0.047,",context carries a past-tense / correction / superseded marker
docs/HANDOFF.md,833,0.124,HISTORICAL,"> Paired, score minus size: +0.197 [+0.124, +0.268] at k=10, +0.084 [+0.047,",context carries a past-tense / correction / superseded marker
docs/HANDOFF.md,833,0.268,HISTORICAL,"> Paired, score minus size: +0.197 [+0.124, +0.268] at k=10, +0.084 [+0.047,",context carries a past-tense / correction / superseded marker
docs/HANDOFF.md,833,0.084,HISTORICAL,"> Paired, score minus size: +0.197 [+0.124, +0.268] at k=10, +0.084 [+0.047,",context carries a past-tense / correction / superseded marker
docs/HANDOFF.md,833,0.047,HISTORICAL,"> Paired, score minus size: +0.197 [+0.124, +0.268] at k=10, +0.084 [+0.047,",context carries a past-tense / correction / superseded marker
docs/HANDOFF.md,834,0.118,HISTORICAL,"> +0.118] at k=20, +0.025 [+0.009, +0.041] at k=50, +0.006 [—0.003, +0.014]",context carries a past-tense / correction / superseded marker
docs/HANDOFF.md,834,0.025,HISTORICAL,"> +0.118] at k=20, +0.025 [+0.009, +0.041] at k=50, +0.006 [—0.003, +0.014]",context carries a past-tense / correction / superseded marker
docs/HANDOFF.md,834,0.009,HISTORICAL,"> +0.118] at k=20, +0.025 [+0.009, +0.041] at k=50, +0.006 [—0.003, +0.014]",context carries a past-tense / correction / superseded marker
docs/HANDOFF.md,834,0.041,HISTORICAL,"> +0.118] at k=20, +0.025 [+0.009, +0.041] at k=50, +0.006 [—0.003, +0.014]",context carries a past-tense / correction / superseded marker
docs/HANDOFF.md,834,0.006,HISTORICAL,"> +0.118] at k=20, +0.025 [+0.009, +0.041] at k=50, +0.006 [—0.003, +0.014]",context carries a past-tense / correction / superseded marker
docs/HANDOFF.md,834,0.003,HISTORICAL,"> +0.118] at k=20, +0.025 [+0.009, +0.041] at k=50, +0.006 [—0.003, +0.014]",context carries a past-tense / correction / superseded marker
docs/HANDOFF.md,834,0.014,HISTORICAL,"> +0.118] at k=20, +0.025 [+0.009, +0.041] at k=50, +0.006 [—0.003, +0.014]",context carries a past-tense / correction / superseded marker
docs/HANDOFF.md,840,0.088,CURRENT,> is why the `size` row moved (0.088 to 0.094) despite ignoring the score. On a,first-pass default: reads as a present-tense assertion
docs/HANDOFF.md,840,0.094,CURRENT,> is why the `size` row moved (0.088 to 0.094) despite ignoring the score. On a,first-pass default: reads as a present-tense assertion
docs/HANDOFF.md,841,0.144,CURRENT,"> FIXED candidate set the ranking effect alone is +0.144 [+0.056, +0.244] at",first-pass default: reads as a present-tense assertion
docs/HANDOFF.md,841,0.056,CURRENT,"> FIXED candidate set the ranking effect alone is +0.144 [+0.056, +0.244] at",first-pass default: reads as a present-tense assertion
docs/HANDOFF.md,841,0.244,CURRENT,"> FIXED candidate set the ranking effect alone is +0.144 [+0.056, +0.244] at",first-pass default: reads as a present-tense assertion
docs/HANDOFF.md,848,15.4%,HISTORICAL,"15.4% → 20.1%, and that part is genuine), but almost all of that gain is",context carries a past-tense / correction / superseded marker
docs/HANDOFF.md,848,20.1%,HISTORICAL,"15.4% → 20.1%, and that part is genuine), but almost all of that gain is",context carries a past-tense / correction / superseded marker
docs/HANDOFF.md,861,61%,CURRENT,"""p@20 improved 61%"" is true and misleading on its own; the size baseline",first-pass default: reads as a present-tense assertion
docs/HANDOFF.md,862,0.000,CURRENT,"improved more, from 0.000 to 0.074.",first-pass default: reads as a present-tense assertion
docs/HANDOFF.md,862,0.074,CURRENT,"improved more, from 0.000 to 0.074.",first-pass default: reads as a present-tense assertion
docs/HANDOFF.md,881,95%,HISTORICAL,| k | none | leaf2 | delta | 95% CI | excludes 0? |,context carries a past-tense / correction / superseded marker
docs/HANDOFF.md,883,0.085,HISTORICAL,"| 10 | 0.085 | 0.097 | +0.012 | [-0.021, +0.044] | no — 5d was right to hedge this one |",context carries a past-tense / correction / superseded marker
docs/HANDOFF.md,883,0.097,HISTORICAL,"| 10 | 0.085 | 0.097 | +0.012 | [-0.021, +0.044] | no — 5d was right to hedge this one |",context carries a past-tense / correction / superseded marker
docs/HANDOFF.md,883,0.012,HISTORICAL,"| 10 | 0.085 | 0.097 | +0.012 | [-0.021, +0.044] | no — 5d was right to hedge this one |",context carries a past-tense / correction / superseded marker
docs/HANDOFF.md,883,0.021,HISTORICAL,"| 10 | 0.085 | 0.097 | +0.012 | [-0.021, +0.044] | no — 5d was right to hedge this one |",context carries a past-tense / correction / superseded marker
docs/HANDOFF.md,883,0.044,HISTORICAL,"| 10 | 0.085 | 0.097 | +0.012 | [-0.021, +0.044] | no — 5d was right to hedge this one |",context carries a past-tense / correction / superseded marker
docs/HANDOFF.md,884,0.049,HISTORICAL,"| 20 | 0.049 | 0.079 | +0.031 | [+0.010, +0.053] | **yes — real** |",context carries a past-tense / correction / superseded marker
docs/HANDOFF.md,884,0.079,HISTORICAL,"| 20 | 0.049 | 0.079 | +0.031 | [+0.010, +0.053] | **yes — real** |",context carries a past-tense / correction / superseded marker
docs/HANDOFF.md,884,0.031,HISTORICAL,"| 20 | 0.049 | 0.079 | +0.031 | [+0.010, +0.053] | **yes — real** |",context carries a past-tense / correction / superseded marker
docs/HANDOFF.md,884,0.010,HISTORICAL,"| 20 | 0.049 | 0.079 | +0.031 | [+0.010, +0.053] | **yes — real** |",context carries a past-tense / correction / superseded marker
docs/HANDOFF.md,884,0.053,HISTORICAL,"| 20 | 0.049 | 0.079 | +0.031 | [+0.010, +0.053] | **yes — real** |",context carries a past-tense / correction / superseded marker
docs/HANDOFF.md,885,0.024,HISTORICAL,"| 50 | 0.024 | 0.043 | +0.019 | [+0.009, +0.029] | **yes — real** |",context carries a past-tense / correction / superseded marker
docs/HANDOFF.md,885,0.043,HISTORICAL,"| 50 | 0.024 | 0.043 | +0.019 | [+0.009, +0.029] | **yes — real** |",context carries a past-tense / correction / superseded marker
docs/HANDOFF.md,885,0.019,HISTORICAL,"| 50 | 0.024 | 0.043 | +0.019 | [+0.009, +0.029] | **yes — real** |",context carries a past-tense / correction / superseded marker
docs/HANDOFF.md,885,0.009,HISTORICAL,"| 50 | 0.024 | 0.043 | +0.019 | [+0.009, +0.029] | **yes — real** |",context carries a past-tense / correction / superseded marker
docs/HANDOFF.md,885,0.029,HISTORICAL,"| 50 | 0.024 | 0.043 | +0.019 | [+0.009, +0.029] | **yes — real** |",context carries a past-tense / correction / superseded marker
docs/HANDOFF.md,886,0.015,CURRENT,"| 100 | 0.015 | 0.026 | +0.011 | [+0.006, +0.016] | **yes — real** |",first-pass default: reads as a present-tense assertion
docs/HANDOFF.md,886,0.026,CURRENT,"| 100 | 0.015 | 0.026 | +0.011 | [+0.006, +0.016] | **yes — real** |",first-pass default: reads as a present-tense assertion
docs/HANDOFF.md,886,0.011,CURRENT,"| 100 | 0.015 | 0.026 | +0.011 | [+0.006, +0.016] | **yes — real** |",first-pass default: reads as a present-tense assertion
docs/HANDOFF.md,886,0.006,CURRENT,"| 100 | 0.015 | 0.026 | +0.011 | [+0.006, +0.016] | **yes — real** |",first-pass default: reads as a present-tense assertion
docs/HANDOFF.md,886,0.016,CURRENT,"| 100 | 0.015 | 0.026 | +0.011 | [+0.006, +0.016] | **yes — real** |",first-pass default: reads as a present-tense assertion
docs/HANDOFF.md,894,0.085,CURRENT,"| 10 | +0.085 [+0.059,+0.115] real | +0.009 [-0.027,+0.041] **gone — not proven either way** |",first-pass default: reads as a present-tense assertion
docs/HANDOFF.md,894,0.059,CURRENT,"| 10 | +0.085 [+0.059,+0.115] real | +0.009 [-0.027,+0.041] **gone — not proven either way** |",first-pass default: reads as a present-tense assertion
docs/HANDOFF.md,894,0.115,CURRENT,"| 10 | +0.085 [+0.059,+0.115] real | +0.009 [-0.027,+0.041] **gone — not proven either way** |",first-pass default: reads as a present-tense assertion
docs/HANDOFF.md,894,0.009,CURRENT,"| 10 | +0.085 [+0.059,+0.115] real | +0.009 [-0.027,+0.041] **gone — not proven either way** |",first-pass default: reads as a present-tense assertion
docs/HANDOFF.md,894,0.027,CURRENT,"| 10 | +0.085 [+0.059,+0.115] real | +0.009 [-0.027,+0.041] **gone — not proven either way** |",first-pass default: reads as a present-tense assertion
docs/HANDOFF.md,894,0.041,CURRENT,"| 10 | +0.085 [+0.059,+0.115] real | +0.009 [-0.027,+0.041] **gone — not proven either way** |",first-pass default: reads as a present-tense assertion
docs/HANDOFF.md,895,0.049,CURRENT,"| 20 | +0.049 [+0.032,+0.065] real | +0.006 [-0.021,+0.031] **gone** |",first-pass default: reads as a present-tense assertion
docs/HANDOFF.md,895,0.032,CURRENT,"| 20 | +0.049 [+0.032,+0.065] real | +0.006 [-0.021,+0.031] **gone** |",first-pass default: reads as a present-tense assertion
docs/HANDOFF.md,895,0.065,CURRENT,"| 20 | +0.049 [+0.032,+0.065] real | +0.006 [-0.021,+0.031] **gone** |",first-pass default: reads as a present-tense assertion
docs/HANDOFF.md,895,0.006,CURRENT,"| 20 | +0.049 [+0.032,+0.065] real | +0.006 [-0.021,+0.031] **gone** |",first-pass default: reads as a present-tense assertion
docs/HANDOFF.md,895,0.021,CURRENT,"| 20 | +0.049 [+0.032,+0.065] real | +0.006 [-0.021,+0.031] **gone** |",first-pass default: reads as a present-tense assertion
docs/HANDOFF.md,895,0.031,CURRENT,"| 20 | +0.049 [+0.032,+0.065] real | +0.006 [-0.021,+0.031] **gone** |",first-pass default: reads as a present-tense assertion
docs/HANDOFF.md,896,0.023,CURRENT,"| 50 | +0.023 [+0.015,+0.031] real | -0.007 [-0.019,+0.005] **gone** (point favours size, CI includes 0 — 5d's ""size beats score at p@50"" is *not* statistically established) |",first-pass default: reads as a present-tense assertion
docs/HANDOFF.md,896,0.015,CURRENT,"| 50 | +0.023 [+0.015,+0.031] real | -0.007 [-0.019,+0.005] **gone** (point favours size, CI includes 0 — 5d's ""size beats score at p@50"" is *not* statistically established) |",first-pass default: reads as a present-tense assertion
docs/HANDOFF.md,896,0.031,CURRENT,"| 50 | +0.023 [+0.015,+0.031] real | -0.007 [-0.019,+0.005] **gone** (point favours size, CI includes 0 — 5d's ""size beats score at p@50"" is *not* statistically established) |",first-pass default: reads as a present-tense assertion
docs/HANDOFF.md,896,0.007,CURRENT,"| 50 | +0.023 [+0.015,+0.031] real | -0.007 [-0.019,+0.005] **gone** (point favours size, CI includes 0 — 5d's ""size beats score at p@50"" is *not* statistically established) |",first-pass default: reads as a present-tense assertion
docs/HANDOFF.md,896,0.019,CURRENT,"| 50 | +0.023 [+0.015,+0.031] real | -0.007 [-0.019,+0.005] **gone** (point favours size, CI includes 0 — 5d's ""size beats score at p@50"" is *not* statistically established) |",first-pass default: reads as a present-tense assertion
docs/HANDOFF.md,896,0.005,CURRENT,"| 50 | +0.023 [+0.015,+0.031] real | -0.007 [-0.019,+0.005] **gone** (point favours size, CI includes 0 — 5d's ""size beats score at p@50"" is *not* statistically established) |",first-pass default: reads as a present-tense assertion
docs/HANDOFF.md,897,0.012,HISTORICAL,"| 100 | +0.012 [+0.007,+0.017] real | -0.009 [-0.016,-0.002] **size significantly beats score, confirmed** |",context carries a past-tense / correction / superseded marker
docs/HANDOFF.md,897,0.007,HISTORICAL,"| 100 | +0.012 [+0.007,+0.017] real | -0.009 [-0.016,-0.002] **size significantly beats score, confirmed** |",context carries a past-tense / correction / superseded marker
docs/HANDOFF.md,897,0.017,HISTORICAL,"| 100 | +0.012 [+0.007,+0.017] real | -0.009 [-0.016,-0.002] **size significantly beats score, confirmed** |",context carries a past-tense / correction / superseded marker
docs/HANDOFF.md,897,0.009,HISTORICAL,"| 100 | +0.012 [+0.007,+0.017] real | -0.009 [-0.016,-0.002] **size significantly beats score, confirmed** |",context carries a past-tense / correction / superseded marker
docs/HANDOFF.md,897,0.016,HISTORICAL,"| 100 | +0.012 [+0.007,+0.017] real | -0.009 [-0.016,-0.002] **size significantly beats score, confirmed** |",context carries a past-tense / correction / superseded marker
docs/HANDOFF.md,897,0.002,HISTORICAL,"| 100 | +0.012 [+0.007,+0.017] real | -0.009 [-0.016,-0.002] **size significantly beats score, confirmed** |",context carries a past-tense / correction / superseded marker
docs/HANDOFF.md,947,50%,HISTORICAL,rescued* on rings that already reached ≥50% containment pre-prune and were,context carries a past-tense / correction / superseded marker
docs/HANDOFF.md,995,100.0%,CURRENT,| seed-reachable | 259 | 100.0% | — |,first-pass default: reads as a present-tense assertion
docs/HANDOFF.md,996,88.8%,CURRENT,| seeded | 230 | 88.8% | −11.2 pts |,first-pass default: reads as a present-tense assertion
docs/HANDOFF.md,997,62.5%,CURRENT,| built | 162 | 62.5% | −26.3 pts |,first-pass default: reads as a present-tense assertion
docs/HANDOFF.md,998,18.9%,CURRENT,| ranked (top-50) | 49 | 18.9% | **−43.6 pts — largest** |,first-pass default: reads as a present-tense assertion
docs/HANDOFF.md,1002,0.2778,DERIVED,"p@10 0.2778 [0.1500, 0.4167] vs the v1 blend's 0.0500, paired delta +0.2278",line asserts a relationship between two numbers
docs/HANDOFF.md,1002,0.1500,DERIVED,"p@10 0.2778 [0.1500, 0.4167] vs the v1 blend's 0.0500, paired delta +0.2278",line asserts a relationship between two numbers
docs/HANDOFF.md,1002,0.4167,DERIVED,"p@10 0.2778 [0.1500, 0.4167] vs the v1 blend's 0.0500, paired delta +0.2278",line asserts a relationship between two numbers
docs/HANDOFF.md,1002,0.0500,DERIVED,"p@10 0.2778 [0.1500, 0.4167] vs the v1 blend's 0.0500, paired delta +0.2278",line asserts a relationship between two numbers
docs/HANDOFF.md,1002,0.2278,DERIVED,"p@10 0.2778 [0.1500, 0.4167] vs the v1 blend's 0.0500, paired delta +0.2278",line asserts a relationship between two numbers
docs/HANDOFF.md,1003,0.1167,CURRENT,"[+0.1167, +0.3500], `data/eval_oracle.json` → `oracle_as_is.paired`",first-pass default: reads as a present-tense assertion
docs/HANDOFF.md,1003,0.3500,CURRENT,"[+0.1167, +0.3500], `data/eval_oracle.json` → `oracle_as_is.paired`",first-pass default: reads as a present-tense assertion
docs/HANDOFF.md,1100,95%,DERIVED,| k | delta | 95% CI | excludes zero? |,line asserts a relationship between two numbers
docs/HANDOFF.md,1102,0.0167,CURRENT,"| 10 | -0.0167 | [-0.0611, +0.0222] | no |",first-pass default: reads as a present-tense assertion
docs/HANDOFF.md,1102,0.0611,CURRENT,"| 10 | -0.0167 | [-0.0611, +0.0222] | no |",first-pass default: reads as a present-tense assertion
docs/HANDOFF.md,1102,0.0222,CURRENT,"| 10 | -0.0167 | [-0.0611, +0.0222] | no |",first-pass default: reads as a present-tense assertion
docs/HANDOFF.md,1103,0.0111,CURRENT,"| 20 | +0.0111 | [-0.0139, +0.0361] | no |",first-pass default: reads as a present-tense assertion
docs/HANDOFF.md,1103,0.0139,CURRENT,"| 20 | +0.0111 | [-0.0139, +0.0361] | no |",first-pass default: reads as a present-tense assertion
docs/HANDOFF.md,1103,0.0361,CURRENT,"| 20 | +0.0111 | [-0.0139, +0.0361] | no |",first-pass default: reads as a present-tense assertion
docs/HANDOFF.md,1104,0.0122,HISTORICAL,"| 50 | +0.0122 | [+0.0022, +0.0244] | yes |",context carries a past-tense / correction / superseded marker
docs/HANDOFF.md,1104,0.0022,HISTORICAL,"| 50 | +0.0122 | [+0.0022, +0.0244] | yes |",context carries a past-tense / correction / superseded marker
docs/HANDOFF.md,1104,0.0244,HISTORICAL,"| 50 | +0.0122 | [+0.0022, +0.0244] | yes |",context carries a past-tense / correction / superseded marker
docs/HANDOFF.md,1130,95%,DERIVED,| k | delta | 95% CI | excludes zero? |,line asserts a relationship between two numbers
docs/HANDOFF.md,1132,0.0444,CURRENT,"| 10 | -0.0444 | [-0.0833, -0.0056] | yes |",first-pass default: reads as a present-tense assertion
docs/HANDOFF.md,1132,0.0833,CURRENT,"| 10 | -0.0444 | [-0.0833, -0.0056] | yes |",first-pass default: reads as a present-tense assertion
docs/HANDOFF.md,1132,0.0056,CURRENT,"| 10 | -0.0444 | [-0.0833, -0.0056] | yes |",first-pass default: reads as a present-tense assertion
docs/HANDOFF.md,1133,0.0167,CURRENT,"| 20 | -0.0167 | [-0.0417, +0.0083] | no |",first-pass default: reads as a present-tense assertion
docs/HANDOFF.md,1133,0.0417,CURRENT,"| 20 | -0.0167 | [-0.0417, +0.0083] | no |",first-pass default: reads as a present-tense assertion
docs/HANDOFF.md,1133,0.0083,CURRENT,"| 20 | -0.0167 | [-0.0417, +0.0083] | no |",first-pass default: reads as a present-tense assertion
docs/HANDOFF.md,1134,0.0078,CURRENT,"| 50 | -0.0078 | [-0.0144, -0.0011] | yes |",first-pass default: reads as a present-tense assertion
docs/HANDOFF.md,1134,0.0144,CURRENT,"| 50 | -0.0078 | [-0.0144, -0.0011] | yes |",first-pass default: reads as a present-tense assertion
docs/HANDOFF.md,1134,0.0011,CURRENT,"| 50 | -0.0078 | [-0.0144, -0.0011] | yes |",first-pass default: reads as a present-tense assertion
docs/HANDOFF.md,1157,0.0556,CURRENT,"`seeds_helping_at_10` = 0): at k=10, point estimates span roughly -0.0556 to",first-pass default: reads as a present-tense assertion
docs/HANDOFF.md,1158,0.0056,CURRENT,"+0.0056 — 2 of 5 seeds are CI-clear degradations, 0 of 5 are gains, and the",first-pass default: reads as a present-tense assertion
docs/HANDOFF.md,1162,0.0444,CURRENT,"**The characterization that must ship is not ""confirmed degradation, -0.0444,",first-pass default: reads as a present-tense assertion
docs/HANDOFF.md,1207,0%,CURRENT,"| 1 | Bank IDs zero-padded in transactions, not in accounts | Every registry lookup silently missed; reported 0% of rings cross a border. Truth is 89%. |",first-pass default: reads as a present-tense assertion
docs/HANDOFF.md,1207,89%,CURRENT,"| 1 | Bank IDs zero-padded in transactions, not in accounts | Every registry lookup silently missed; reported 0% of rings cross a border. Truth is 89%. |",first-pass default: reads as a present-tense assertion
docs/HANDOFF.md,1212,0.005,HISTORICAL,| 6 | `amount_key` rounded to 2dp | 0.005 and 0.01 collided in the label join |,context carries a past-tense / correction / superseded marker
docs/HANDOFF.md,1213,47.6%,HISTORICAL,| 7 | **Source CSV not time-ordered** (47.6% of pairs reversed) | Would have fed the detector scrambled time |,context carries a past-tense / correction / superseded marker
docs/HANDOFF.md,1214,0.138,HISTORICAL,| 8 | **Metric rewarded candidate size** | A size-only baseline *tied* the score at p@10 = 0.138; the honest number was ~half |,context carries a past-tense / correction / superseded marker
docs/HANDOFF.md,1216,3%,HISTORICAL,"| 10 | Simulated analyst's 3% false-confirm rate | Equalled genuine positives; corpus half noise, model learned nothing |",context carries a past-tense / correction / superseded marker
docs/HANDOFF.md,1217,0.0000,HISTORICAL,"| 11 | Permutation importance on **accuracy**, then on **training data** | Reported 0.0000 for every feature while the model re-ranked 4× better |",context carries a past-tense / correction / superseded marker
docs/HANDOFF.md,1218,91%,HISTORICAL,"| 12 | **Length-2 ""cycles"" are mutual pairs** | 91% of cases flagged CYCLE; highest-weighted feature was a constant |",context carries a past-tense / correction / superseded marker
docs/HANDOFF.md,1223,7.3×,CURRENT,1. **`Payment Format` is a 7.3× giveaway** — 86.6% of laundering is ACH against,first-pass default: reads as a present-tense assertion
docs/HANDOFF.md,1223,86.6%,CURRENT,1. **`Payment Format` is a 7.3× giveaway** — 86.6% of laundering is ACH against,first-pass default: reads as a present-tense assertion
docs/HANDOFF.md,1224,11.8%,CURRENT,an 11.8% base rate. Generator artifact. Excluded from every feature; a test,first-pass default: reads as a present-tense assertion
docs/HANDOFF.md,1226,91%,CURRENT,2. **The tail is 91% laundering** — days 0–9 hold 99.98% of edges; days 10–17,first-pass default: reads as a present-tense assertion
docs/HANDOFF.md,1323,0.278,HISTORICAL,"for the supervised re-ranker (p@10 0.278 on true labels, ring-disjoint held-out",context carries a past-tense / correction / superseded marker
docs/HANDOFF.md,1324,2.25×,HISTORICAL,split) and the 2.25× label tax that separates it from the 0.124 a verdict-trained,context carries a past-tense / correction / superseded marker
docs/HANDOFF.md,1324,0.124,HISTORICAL,split) and the 2.25× label tax that separates it from the 0.124 a verdict-trained,context carries a past-tense / correction / superseded marker
docs/HANDOFF.md,1336,15%,HISTORICAL,1. ~~**Widen seeding** (§5) — the only change that can move recall off 15%~~,context carries a past-tense / correction / superseded marker
docs/HANDOFF.md,1338,89%,CURRENT,"and found seeding already reaches **89%** of active rings, not the 26% §5",first-pass default: reads as a present-tense assertion
docs/HANDOFF.md,1338,26%,CURRENT,"and found seeding already reaches **89%** of active rings, not the 26% §5",first-pass default: reads as a present-tense assertion
docs/HANDOFF.md,1345,20.1%,HISTORICAL,"Also stale: **ring recall is 20.1%, not 15%** (§5d, post-prune).",context carries a past-tense / correction / superseded marker
docs/HANDOFF.md,1345,15%,HISTORICAL,"Also stale: **ring recall is 20.1%, not 15%** (§5d, post-prune).",context carries a past-tense / correction / superseded marker
docs/HANDOFF.md,1384,0.097,CURRENT,"| top 10 | 0.097 | 66,342 at risk |",first-pass default: reads as a present-tense assertion
docs/HANDOFF.md,1385,0.079,CURRENT,"| top 20 | 0.079 | 82,324 at risk |",first-pass default: reads as a present-tense assertion
docs/HANDOFF.md,1386,0.043,CURRENT,"| top 50 | 0.043 | 154,236 at risk |",first-pass default: reads as a present-tense assertion
docs/PHASE0-FINDINGS.md,38,100%,CURRENT,"**3,209 / 3,209 ring edges matched into `HI-Small_Trans.csv` — 100%.**",first-pass default: reads as a present-tense assertion
docs/PHASE0-FINDINGS.md,60,0.2×,CURRENT,| Cheque | 36.71% | 6.26% | 0.2× |,first-pass default: reads as a present-tense assertion
docs/PHASE0-FINDINGS.md,61,0.2×,CURRENT,| Credit Card | 26.06% | 3.98% | 0.2× |,first-pass default: reads as a present-tense assertion
docs/PHASE0-FINDINGS.md,62,7.3×,CURRENT,| **ACH** | **11.83%** | **86.59%** | **7.3×** |,first-pass default: reads as a present-tense assertion
docs/PHASE0-FINDINGS.md,63,0.2×,CURRENT,| Cash | 9.67% | 2.09% | 0.2× |,first-pass default: reads as a present-tense assertion
docs/PHASE0-FINDINGS.md,64,0.0×,CURRENT,| Reinvestment | 9.47% | 0.00% | 0.0× |,first-pass default: reads as a present-tense assertion
docs/PHASE0-FINDINGS.md,65,0.0×,CURRENT,| Wire | 3.38% | 0.00% | 0.0× |,first-pass default: reads as a present-tense assertion
docs/PHASE0-FINDINGS.md,67,86.6%,CURRENT,86.6% of laundering is ACH against an 11.8% base rate. This is a **generator,first-pass default: reads as a present-tense assertion
docs/PHASE0-FINDINGS.md,67,11.8%,CURRENT,86.6% of laundering is ACH against an 11.8% base rate. This is a **generator,first-pass default: reads as a present-tense assertion
docs/PHASE0-FINDINGS.md,79,23.8%,HISTORICAL,88 of 370 rings (23.8%) involve two accounts or fewer. A two-account ring has,context carries a past-tense / correction / superseded marker
docs/PHASE0-FINDINGS.md,81,76.2%,HISTORICAL,"therefore ~76.2%**, before any detector quality is considered.",context carries a past-tense / correction / superseded marker
docs/PHASE0-FINDINGS.md,96,100%,CURRENT,Coverage is 100% across **34 countries**.,first-pass default: reads as a present-tense assertion
docs/PHASE0-FINDINGS.md,98,89%,CURRENT,"- **329 / 370 rings (89%) span more than one country**, up to 16.",first-pass default: reads as a present-tense assertion
docs/PHASE0-FINDINGS.md,100,38.8%,CURRENT,"- Account distribution: USA 38.8%, Germany 6.3%, Switzerland 4.8%, China 4.5%,",first-pass default: reads as a present-tense assertion
docs/PHASE0-FINDINGS.md,100,6.3%,CURRENT,"- Account distribution: USA 38.8%, Germany 6.3%, Switzerland 4.8%, China 4.5%,",first-pass default: reads as a present-tense assertion
docs/PHASE0-FINDINGS.md,100,4.8%,CURRENT,"- Account distribution: USA 38.8%, Germany 6.3%, Switzerland 4.8%, China 4.5%,",first-pass default: reads as a present-tense assertion
docs/PHASE0-FINDINGS.md,100,4.5%,CURRENT,"- Account distribution: USA 38.8%, Germany 6.3%, Switzerland 4.8%, China 4.5%,",first-pass default: reads as a present-tense assertion
docs/PHASE0-FINDINGS.md,101,4.1%,CURRENT,"France 4.1%, **India 3.7% (19,359 accounts)**.",first-pass default: reads as a present-tense assertion
docs/PHASE0-FINDINGS.md,101,3.7%,CURRENT,"France 4.1%, **India 3.7% (19,359 accounts)**.",first-pass default: reads as a present-tense assertion
docs/PHASE0-FINDINGS.md,109,38.2%,CURRENT,`Entity ID` links accounts to a shared legal owner: 38.2% of entities own more,first-pass default: reads as a present-tense assertion
docs/PHASE0-FINDINGS.md,110,5%,CURRENT,"than one account, covering 415,892 accounts. But only **17 of 370 rings (5%)**",first-pass default: reads as a present-tense assertion
docs/PHASE0-FINDINGS.md,149,0.005,CURRENT,"| 6 | Low-Med | The label join key formatted amounts to 2dp, collapsing `0.005` and `0.01`. | New `amount_key()` normalises the decimal instead, keeping distinct amounts distinct. |",first-pass default: reads as a present-tense assertion
docs/PHASE0-FINDINGS.md,158,80%,CURRENT,"exceeds 80%, no invented countries, and the 88-ring evaluation ceiling holds.",first-pass default: reads as a present-tense assertion
docs/PHASE2-FINDINGS.md,24,100%,CURRENT,"| all active | 422,656 | 100% | 100% | 0.63% | 1.0× |",first-pass default: reads as a present-tense assertion
docs/PHASE2-FINDINGS.md,24,100%,CURRENT,"| all active | 422,656 | 100% | 100% | 0.63% | 1.0× |",first-pass default: reads as a present-tense assertion
docs/PHASE2-FINDINGS.md,24,1.0×,CURRENT,"| all active | 422,656 | 100% | 100% | 0.63% | 1.0× |",first-pass default: reads as a present-tense assertion
docs/PHASE2-FINDINGS.md,25,39.6%,CURRENT,"| pass-through (in>0 and out>0) | 167,258 | 39.6% | **78.6%** | 1.25% | 2.0× |",first-pass default: reads as a present-tense assertion
docs/PHASE2-FINDINGS.md,25,78.6%,CURRENT,"| pass-through (in>0 and out>0) | 167,258 | 39.6% | **78.6%** | 1.25% | 2.0× |",first-pass default: reads as a present-tense assertion
docs/PHASE2-FINDINGS.md,25,2.0×,CURRENT,"| pass-through (in>0 and out>0) | 167,258 | 39.6% | **78.6%** | 1.25% | 2.0× |",first-pass default: reads as a present-tense assertion
docs/PHASE2-FINDINGS.md,26,65.5%,CURRENT,"| degree ≥ 3 | 277,043 | 65.5% | 84.0% | 0.81% | 1.3× |",first-pass default: reads as a present-tense assertion
docs/PHASE2-FINDINGS.md,26,84.0%,CURRENT,"| degree ≥ 3 | 277,043 | 65.5% | 84.0% | 0.81% | 1.3× |",first-pass default: reads as a present-tense assertion
docs/PHASE2-FINDINGS.md,26,1.3×,CURRENT,"| degree ≥ 3 | 277,043 | 65.5% | 84.0% | 0.81% | 1.3× |",first-pass default: reads as a present-tense assertion
docs/PHASE2-FINDINGS.md,27,1.0%,CURRENT,"| conservation ≥ 0.90 | 4,066 | 1.0% | **3.9%** | 2.53% | 4.0× |",first-pass default: reads as a present-tense assertion
docs/PHASE2-FINDINGS.md,27,3.9%,CURRENT,"| conservation ≥ 0.90 | 4,066 | 1.0% | **3.9%** | 2.53% | 4.0× |",first-pass default: reads as a present-tense assertion
docs/PHASE2-FINDINGS.md,27,4.0×,CURRENT,"| conservation ≥ 0.90 | 4,066 | 1.0% | **3.9%** | 2.53% | 4.0× |",first-pass default: reads as a present-tense assertion
docs/PHASE2-FINDINGS.md,28,0.9%,CURRENT,"| pass-through ∧ cons ≥ 0.90 ∧ deg ≥ 3 | 3,979 | 0.9% | 3.1% | 2.06% | 3.3× |",first-pass default: reads as a present-tense assertion
docs/PHASE2-FINDINGS.md,28,3.1%,CURRENT,"| pass-through ∧ cons ≥ 0.90 ∧ deg ≥ 3 | 3,979 | 0.9% | 3.1% | 2.06% | 3.3× |",first-pass default: reads as a present-tense assertion
docs/PHASE2-FINDINGS.md,28,3.3×,CURRENT,"| pass-through ∧ cons ≥ 0.90 ∧ deg ≥ 3 | 3,979 | 0.9% | 3.1% | 2.06% | 3.3× |",first-pass default: reads as a present-tense assertion
docs/PHASE2-FINDINGS.md,36,78.6%,CURRENT,Pass-through is the best cheap trigger: 78.6% recall at 2.0× lift. It is not,first-pass default: reads as a present-tense assertion
docs/PHASE2-FINDINGS.md,36,2.0×,CURRENT,Pass-through is the best cheap trigger: 78.6% recall at 2.0× lift. It is not,first-pass default: reads as a present-tense assertion
docs/PHASE2-FINDINGS.md,46,78.1%,CURRENT,"| no hub cut, res 1.0 | 6.3s | 16,848 | 78.1% | **1.8%** |",first-pass default: reads as a present-tense assertion
docs/PHASE2-FINDINGS.md,46,1.8%,CURRENT,"| no hub cut, res 1.0 | 6.3s | 16,848 | 78.1% | **1.8%** |",first-pass default: reads as a present-tense assertion
docs/PHASE2-FINDINGS.md,47,81.6%,CURRENT,"| no hub cut, res 3.0 | 6.6s | 6,986 | 81.6% | 0.9% |",first-pass default: reads as a present-tense assertion
docs/PHASE2-FINDINGS.md,47,0.9%,CURRENT,"| no hub cut, res 3.0 | 6.6s | 6,986 | 81.6% | 0.9% |",first-pass default: reads as a present-tense assertion
docs/PHASE2-FINDINGS.md,48,81.6%,CURRENT,"| hub>50, res 3.0 | 7.0s | 4,385 | 81.6% | 1.8% |",first-pass default: reads as a present-tense assertion
docs/PHASE2-FINDINGS.md,48,1.8%,CURRENT,"| hub>50, res 3.0 | 7.0s | 4,385 | 81.6% | 1.8% |",first-pass default: reads as a present-tense assertion
docs/PHASE2-FINDINGS.md,49,79.8%,CURRENT,"| hub>30, res 3.0 | 6.5s | 4,716 | 79.8% | 1.8% |",first-pass default: reads as a present-tense assertion
docs/PHASE2-FINDINGS.md,49,1.8%,CURRENT,"| hub>30, res 3.0 | 6.5s | 4,716 | 79.8% | 1.8% |",first-pass default: reads as a present-tense assertion
docs/PHASE2-FINDINGS.md,58,80%,CURRENT,| Config | Neighbourhood median | p90 | Ring recall (median) | ≥80% recovered |,first-pass default: reads as a present-tense assertion
docs/PHASE2-FINDINGS.md,60,18%,CURRENT,| 1 hop | 4 | 10 | 0.33 | 18% |,first-pass default: reads as a present-tense assertion
docs/PHASE2-FINDINGS.md,61,67%,CURRENT,"| **2 hops, maxdeg 50** | **14** | **34** | **1.00** | **67%** |",first-pass default: reads as a present-tense assertion
docs/PHASE2-FINDINGS.md,62,73%,CURRENT,"| 3 hops, maxdeg 20 | 33 | 91 | 1.00 | 73% |",first-pass default: reads as a present-tense assertion
docs/PHASE2-FINDINGS.md,64,100%,CURRENT,"Two-hop expansion recovers a **median 100%** of the ring, and **99% of",first-pass default: reads as a present-tense assertion
docs/PHASE2-FINDINGS.md,64,99%,CURRENT,"Two-hop expansion recovers a **median 100%** of the ring, and **99% of",first-pass default: reads as a present-tense assertion
docs/PHASE2-FINDINGS.md,65,2%,CURRENT,"neighbourhoods are ≤60 nodes** — case-sized. Against Leiden's 1–2% workable,",first-pass default: reads as a present-tense assertion
docs/PHASE2-FINDINGS.md,66,78%,CURRENT,this is decisive. 78% of rings are fully internally connected in the window.,first-pass default: reads as a present-tense assertion
docs/PHASE2-FINDINGS.md,74,0.138,CURRENT,First results showed `score` at p@10 = 0.138 — tied exactly by a `size` baseline,first-pass default: reads as a present-tense assertion
docs/PHASE2-FINDINGS.md,77,50%,HISTORICAL,The cause was the hit definition. Containment-at-50% rewards bulk: a 158-node,context carries a past-tense / correction / superseded marker
docs/PHASE2-FINDINGS.md,81,50%,HISTORICAL,Fixed by requiring **Jaccard ≥ 0.3** as well as 50% containment. Under the,context carries a past-tense / correction / superseded marker
docs/PHASE2-FINDINGS.md,82,0.000,HISTORICAL,corrected metric the `size` baseline collapses to **0.000** while the score,context carries a past-tense / correction / superseded marker
docs/PHASE2-FINDINGS.md,97,0.068,CURRENT,| **score** | **0.068** | **0.049** | **0.026** | **0.023** | **18.1%** |,first-pass default: reads as a present-tense assertion
docs/PHASE2-FINDINGS.md,97,0.049,CURRENT,| **score** | **0.068** | **0.049** | **0.026** | **0.023** | **18.1%** |,first-pass default: reads as a present-tense assertion
docs/PHASE2-FINDINGS.md,97,0.026,CURRENT,| **score** | **0.068** | **0.049** | **0.026** | **0.023** | **18.1%** |,first-pass default: reads as a present-tense assertion
docs/PHASE2-FINDINGS.md,97,0.023,CURRENT,| **score** | **0.068** | **0.049** | **0.026** | **0.023** | **18.1%** |,first-pass default: reads as a present-tense assertion
docs/PHASE2-FINDINGS.md,97,18.1%,CURRENT,| **score** | **0.068** | **0.049** | **0.026** | **0.023** | **18.1%** |,first-pass default: reads as a present-tense assertion
docs/PHASE2-FINDINGS.md,98,0.000,CURRENT,| size | 0.000 | 0.000 | 0.001 | 0.003 | 2.3% |,first-pass default: reads as a present-tense assertion
docs/PHASE2-FINDINGS.md,98,0.000,CURRENT,| size | 0.000 | 0.000 | 0.001 | 0.003 | 2.3% |,first-pass default: reads as a present-tense assertion
docs/PHASE2-FINDINGS.md,98,0.001,CURRENT,| size | 0.000 | 0.000 | 0.001 | 0.003 | 2.3% |,first-pass default: reads as a present-tense assertion
docs/PHASE2-FINDINGS.md,98,0.003,CURRENT,| size | 0.000 | 0.000 | 0.001 | 0.003 | 2.3% |,first-pass default: reads as a present-tense assertion
docs/PHASE2-FINDINGS.md,98,2.3%,CURRENT,| size | 0.000 | 0.000 | 0.001 | 0.003 | 2.3% |,first-pass default: reads as a present-tense assertion
docs/PHASE2-FINDINGS.md,99,0.000,CURRENT,| degree | 0.000 | 0.001 | 0.005 | 0.006 | 2.7% |,first-pass default: reads as a present-tense assertion
docs/PHASE2-FINDINGS.md,99,0.001,CURRENT,| degree | 0.000 | 0.001 | 0.005 | 0.006 | 2.7% |,first-pass default: reads as a present-tense assertion
docs/PHASE2-FINDINGS.md,99,0.005,CURRENT,| degree | 0.000 | 0.001 | 0.005 | 0.006 | 2.7% |,first-pass default: reads as a present-tense assertion
docs/PHASE2-FINDINGS.md,99,0.006,CURRENT,| degree | 0.000 | 0.001 | 0.005 | 0.006 | 2.7% |,first-pass default: reads as a present-tense assertion
docs/PHASE2-FINDINGS.md,99,2.7%,CURRENT,| degree | 0.000 | 0.001 | 0.005 | 0.006 | 2.7% |,first-pass default: reads as a present-tense assertion
docs/PHASE2-FINDINGS.md,100,0.003,CURRENT,| random | 0.003 | 0.006 | 0.003 | 0.004 | 4.6% |,first-pass default: reads as a present-tense assertion
docs/PHASE2-FINDINGS.md,100,0.006,CURRENT,| random | 0.003 | 0.006 | 0.003 | 0.004 | 4.6% |,first-pass default: reads as a present-tense assertion
docs/PHASE2-FINDINGS.md,100,0.003,CURRENT,| random | 0.003 | 0.006 | 0.003 | 0.004 | 4.6% |,first-pass default: reads as a present-tense assertion
docs/PHASE2-FINDINGS.md,100,0.004,CURRENT,| random | 0.003 | 0.006 | 0.003 | 0.004 | 4.6% |,first-pass default: reads as a present-tense assertion
docs/PHASE2-FINDINGS.md,100,4.6%,CURRENT,| random | 0.003 | 0.006 | 0.003 | 0.004 | 4.6% |,first-pass default: reads as a present-tense assertion
docs/PHASE2-FINDINGS.md,106,0.138,CURRENT,| score | 0.138 | 0.109 | 0.069 | 0.058 |,first-pass default: reads as a present-tense assertion
docs/PHASE2-FINDINGS.md,106,0.109,CURRENT,| score | 0.138 | 0.109 | 0.069 | 0.058 |,first-pass default: reads as a present-tense assertion
docs/PHASE2-FINDINGS.md,106,0.069,CURRENT,| score | 0.138 | 0.109 | 0.069 | 0.058 |,first-pass default: reads as a present-tense assertion
docs/PHASE2-FINDINGS.md,106,0.058,CURRENT,| score | 0.138 | 0.109 | 0.069 | 0.058 |,first-pass default: reads as a present-tense assertion
docs/PHASE2-FINDINGS.md,107,0.138,CURRENT,| size | 0.138 | 0.099 | 0.078 | 0.061 |,first-pass default: reads as a present-tense assertion
docs/PHASE2-FINDINGS.md,107,0.099,CURRENT,| size | 0.138 | 0.099 | 0.078 | 0.061 |,first-pass default: reads as a present-tense assertion
docs/PHASE2-FINDINGS.md,107,0.078,CURRENT,| size | 0.138 | 0.099 | 0.078 | 0.061 |,first-pass default: reads as a present-tense assertion
docs/PHASE2-FINDINGS.md,107,0.061,CURRENT,| size | 0.138 | 0.099 | 0.078 | 0.061 |,first-pass default: reads as a present-tense assertion
docs/PHASE2-FINDINGS.md,113,55%,CURRENT,| SCATTER-GATHER | 31 | 17 | 55% |,first-pass default: reads as a present-tense assertion
docs/PHASE2-FINDINGS.md,114,37%,CURRENT,| GATHER-SCATTER | 38 | 14 | 37% |,first-pass default: reads as a present-tense assertion
docs/PHASE2-FINDINGS.md,115,33%,CURRENT,| FAN-IN | 30 | 10 | 33% |,first-pass default: reads as a present-tense assertion
docs/PHASE2-FINDINGS.md,116,31%,CURRENT,| FAN-OUT | 36 | 11 | 31% |,first-pass default: reads as a present-tense assertion
docs/PHASE2-FINDINGS.md,117,30%,CURRENT,| CYCLE | 37 | 11 | 30% |,first-pass default: reads as a present-tense assertion
docs/PHASE2-FINDINGS.md,118,23%,CURRENT,| RANDOM | 26 | 6 | 23% |,first-pass default: reads as a present-tense assertion
docs/PHASE2-FINDINGS.md,119,13%,CURRENT,| BIPARTITE | 31 | 4 | 13% |,first-pass default: reads as a present-tense assertion
docs/PHASE2-FINDINGS.md,120,7%,CURRENT,| STACK | 30 | 2 | **7%** |,first-pass default: reads as a present-tense assertion
docs/PHASE2-FINDINGS.md,129,3.9×,HISTORICAL,under the corrected metric.** Ring recall is 3.9× random; `size` and `degree`,context carries a past-tense / correction / superseded marker
docs/PHASE2-FINDINGS.md,132,0.049,CURRENT,**The absolute numbers are not good enough to ship as a queue.** p@20 = 0.049,first-pass default: reads as a present-tense assertion
docs/PHASE2-FINDINGS.md,133,18.1%,CURRENT,means an analyst works twenty cases to find one ring. Ring recall of 18.1% sits,first-pass default: reads as a present-tense assertion
docs/PHASE2-FINDINGS.md,134,73.3%,CURRENT,"against a structural ceiling of 73.3%, so roughly a quarter of what is reachable",first-pass default: reads as a present-tense assertion
docs/PHASE2-FINDINGS.md,164,7.3×,CURRENT,so the 7.3× ACH leak stays excluded by construction.,first-pass default: reads as a present-tense assertion
docs/PHASE4-FINDINGS.md,9,91%,CURRENT,| broken (temporal cycle firing on 91%) | 0.024 | 0.028 | 17.0% |,first-pass default: reads as a present-tense assertion
docs/PHASE4-FINDINGS.md,9,0.024,CURRENT,| broken (temporal cycle firing on 91%) | 0.024 | 0.028 | 17.0% |,first-pass default: reads as a present-tense assertion
docs/PHASE4-FINDINGS.md,9,0.028,CURRENT,| broken (temporal cycle firing on 91%) | 0.024 | 0.028 | 17.0% |,first-pass default: reads as a present-tense assertion
docs/PHASE4-FINDINGS.md,9,17.0%,CURRENT,| broken (temporal cycle firing on 91%) | 0.024 | 0.028 | 17.0% |,first-pass default: reads as a present-tense assertion
docs/PHASE4-FINDINGS.md,10,0.071,CURRENT,| merge (pre-GARG-AML) | 0.071 | 0.050 | 18.1% |,first-pass default: reads as a present-tense assertion
docs/PHASE4-FINDINGS.md,10,0.050,CURRENT,| merge (pre-GARG-AML) | 0.071 | 0.050 | 18.1% |,first-pass default: reads as a present-tense assertion
docs/PHASE4-FINDINGS.md,10,18.1%,CURRENT,| merge (pre-GARG-AML) | 0.071 | 0.050 | 18.1% |,first-pass default: reads as a present-tense assertion
docs/PHASE4-FINDINGS.md,11,0.085,CURRENT,| **fixed** | **0.085** | 0.049 | 15.4% |,first-pass default: reads as a present-tense assertion
docs/PHASE4-FINDINGS.md,11,0.049,CURRENT,| **fixed** | **0.085** | 0.049 | 15.4% |,first-pass default: reads as a present-tense assertion
docs/PHASE4-FINDINGS.md,11,15.4%,CURRENT,| **fixed** | **0.085** | 0.049 | 15.4% |,first-pass default: reads as a present-tense assertion
docs/PHASE4-FINDINGS.md,14,11%,CURRENT,"picture is mixed — CYCLE improved 11% → 16%, but SCATTER-GATHER fell 52% → 29%.",first-pass default: reads as a present-tense assertion
docs/PHASE4-FINDINGS.md,14,16%,CURRENT,"picture is mixed — CYCLE improved 11% → 16%, but SCATTER-GATHER fell 52% → 29%.",first-pass default: reads as a present-tense assertion
docs/PHASE4-FINDINGS.md,14,52%,CURRENT,"picture is mixed — CYCLE improved 11% → 16%, but SCATTER-GATHER fell 52% → 29%.",first-pass default: reads as a present-tense assertion
docs/PHASE4-FINDINGS.md,14,29%,CURRENT,"picture is mixed — CYCLE improved 11% → 16%, but SCATTER-GATHER fell 52% → 29%.",first-pass default: reads as a present-tense assertion
docs/PHASE4-FINDINGS.md,24,60.5%,CURRENT,| cross-border | 60.5% |,first-pass default: reads as a present-tense assertion
docs/PHASE4-FINDINGS.md,25,50.1%,CURRENT,| gather-scatter ≥ 2 | 50.1% |,first-pass default: reads as a present-tense assertion
docs/PHASE4-FINDINGS.md,26,34.9%,CURRENT,| fast pass-through > 0 | 34.9% |,first-pass default: reads as a present-tense assertion
docs/PHASE4-FINDINGS.md,27,28.0%,CURRENT,| gargaml > 0.3 | 28.0% |,first-pass default: reads as a present-tense assertion
docs/PHASE4-FINDINGS.md,28,16.6%,CURRENT,| stack ≥ 0.5 | 16.6% |,first-pass default: reads as a present-tense assertion
docs/PHASE4-FINDINGS.md,29,3.0%,CURRENT,| conservation ≥ 0.8 | 3.0% |,first-pass default: reads as a present-tense assertion
docs/PHASE4-FINDINGS.md,30,1.7%,CURRENT,| scatter-gather ≥ 2 | 1.7% |,first-pass default: reads as a present-tense assertion
docs/PHASE4-FINDINGS.md,31,1.4%,CURRENT,| bipartite ≥ 0.5 | 1.4% |,first-pass default: reads as a present-tense assertion
docs/PHASE4-FINDINGS.md,41,0.176,CURRENT,| v1 hand-set | 0.176 | 0.106 | 0.065 | 0.035 |,first-pass default: reads as a present-tense assertion
docs/PHASE4-FINDINGS.md,41,0.106,CURRENT,| v1 hand-set | 0.176 | 0.106 | 0.065 | 0.035 |,first-pass default: reads as a present-tense assertion
docs/PHASE4-FINDINGS.md,41,0.065,CURRENT,| v1 hand-set | 0.176 | 0.106 | 0.065 | 0.035 |,first-pass default: reads as a present-tense assertion
docs/PHASE4-FINDINGS.md,41,0.035,CURRENT,| v1 hand-set | 0.176 | 0.106 | 0.065 | 0.035 |,first-pass default: reads as a present-tense assertion
docs/PHASE4-FINDINGS.md,42,0.176,CURRENT,| learned re-ranker | 0.176 | 0.124 | 0.088 | 0.053 |,first-pass default: reads as a present-tense assertion
docs/PHASE4-FINDINGS.md,42,0.124,CURRENT,| learned re-ranker | 0.176 | 0.124 | 0.088 | 0.053 |,first-pass default: reads as a present-tense assertion
docs/PHASE4-FINDINGS.md,42,0.088,CURRENT,| learned re-ranker | 0.176 | 0.124 | 0.088 | 0.053 |,first-pass default: reads as a present-tense assertion
docs/PHASE4-FINDINGS.md,42,0.053,CURRENT,| learned re-ranker | 0.176 | 0.124 | 0.088 | 0.053 |,first-pass default: reads as a present-tense assertion
docs/PHASE4-FINDINGS.md,43,1.00×,CURRENT,| lift | 1.00× | 1.17× | 1.36× | 1.50× |,first-pass default: reads as a present-tense assertion
docs/PHASE4-FINDINGS.md,43,1.17×,CURRENT,| lift | 1.00× | 1.17× | 1.36× | 1.50× |,first-pass default: reads as a present-tense assertion
docs/PHASE4-FINDINGS.md,43,1.36×,CURRENT,| lift | 1.00× | 1.17× | 1.36× | 1.50× |,first-pass default: reads as a present-tense assertion
docs/PHASE4-FINDINGS.md,43,1.50×,CURRENT,| lift | 1.00× | 1.17× | 1.36× | 1.50× |,first-pass default: reads as a present-tense assertion
docs/PHASE4-FINDINGS.md,45,4.00×,CURRENT,The headline lift collapsed from **4.00× to 1.00×** at p@5. Not because the,first-pass default: reads as a present-tense assertion
docs/PHASE4-FINDINGS.md,45,1.00×,CURRENT,The headline lift collapsed from **4.00× to 1.00×** at p@5. Not because the,first-pass default: reads as a present-tense assertion
docs/PHASE4-FINDINGS.md,47,0.047,CURRENT,dominating it (p@5 0.047 → 0.176). Absolute re-ranker performance is roughly,first-pass default: reads as a present-tense assertion
docs/PHASE4-FINDINGS.md,47,0.176,CURRENT,dominating it (p@5 0.047 → 0.176). Absolute re-ranker performance is roughly,first-pass default: reads as a present-tense assertion
docs/PHASE4-FINDINGS.md,51,0.2704,CURRENT,"**0.2704 against a 0.0412 base rate — 6.57×**, up from 5.27×.",first-pass default: reads as a present-tense assertion
docs/PHASE4-FINDINGS.md,51,0.0412,CURRENT,"**0.2704 against a 0.0412 base rate — 6.57×**, up from 5.27×.",first-pass default: reads as a present-tense assertion
docs/PHASE4-FINDINGS.md,51,6.57×,CURRENT,"**0.2704 against a 0.0412 base rate — 6.57×**, up from 5.27×.",first-pass default: reads as a present-tense assertion
docs/PHASE4-FINDINGS.md,51,5.27×,CURRENT,"**0.2704 against a 0.0412 base rate — 6.57×**, up from 5.27×.",first-pass default: reads as a present-tense assertion
docs/PHASE4-FINDINGS.md,56,0.0716,CURRENT,passthrough_ratio      +0.0716,first-pass default: reads as a present-tense assertion
docs/PHASE4-FINDINGS.md,57,0.0408,CURRENT,gargaml                +0.0408     <- added this session,first-pass default: reads as a present-tense assertion
docs/PHASE4-FINDINGS.md,58,0.0322,CURRENT,stack_score            +0.0322     <- added this session,first-pass default: reads as a present-tense assertion
docs/PHASE4-FINDINGS.md,59,0.0245,CURRENT,max_fan                +0.0245,first-pass default: reads as a present-tense assertion
docs/PHASE4-FINDINGS.md,60,0.0218,CURRENT,scatter_gather_width   +0.0218,first-pass default: reads as a present-tense assertion
docs/PHASE4-FINDINGS.md,61,0.0200,CURRENT,outflow                +0.0200,first-pass default: reads as a present-tense assertion
docs/PHASE4-FINDINGS.md,62,0.0179,CURRENT,burstiness             +0.0179,first-pass default: reads as a present-tense assertion
docs/PHASE4-FINDINGS.md,63,0.0173,CURRENT,"n_entities             +0.0173     <- registry context, finally used",first-pass default: reads as a present-tense assertion
docs/PHASE4-FINDINGS.md,64,0.0096,CURRENT,mean_velocity          +0.0096,first-pass default: reads as a present-tense assertion
docs/PHASE4-FINDINGS.md,80,0%,CURRENT,| BIPARTITE | 10 | **0 (0%)** | 0 |,first-pass default: reads as a present-tense assertion
docs/PHASE4-FINDINGS.md,81,0%,CURRENT,| FAN-OUT | 17 | **0 (0%)** | 0 |,first-pass default: reads as a present-tense assertion
docs/PHASE4-FINDINGS.md,82,0%,CURRENT,| RANDOM | 8 | **0 (0%)** | 0 |,first-pass default: reads as a present-tense assertion
docs/PHASE4-FINDINGS.md,83,0%,CURRENT,| STACK | 15 | **0 (0%)** | 0 |,first-pass default: reads as a present-tense assertion
docs/PHASE4-FINDINGS.md,84,53%,CURRENT,| FAN-IN | 15 | 8 (53%) | 0 |,first-pass default: reads as a present-tense assertion
docs/PHASE4-FINDINGS.md,85,61%,CURRENT,| GATHER-SCATTER | 18 | 11 (61%) | 1 |,first-pass default: reads as a present-tense assertion
docs/PHASE4-FINDINGS.md,86,67%,CURRENT,| SCATTER-GATHER | 15 | 10 (67%) | 0 |,first-pass default: reads as a present-tense assertion
docs/PHASE4-FINDINGS.md,87,26%,CURRENT,| **Total** | **114** | **30 (26%)** | **1 (1%)** |,first-pass default: reads as a present-tense assertion
docs/PHASE4-FINDINGS.md,87,1%,CURRENT,| **Total** | **114** | **30 (26%)** | **1 (1%)** |,first-pass default: reads as a present-tense assertion
docs/PHASE4-FINDINGS.md,89,26%,CURRENT,"**Only 26% of active rings become candidates at all, and four typologies are",first-pass default: reads as a present-tense assertion
docs/PHASE4-FINDINGS.md,110,78.6%,HISTORICAL,Phase 2 measured seed recall at **78.6%** — but that was an aggregate over ring,context carries a past-tense / correction / superseded marker
docs/PHASE5-FINDINGS.md,27,0.0167,HISTORICAL,"| 4 | LambdaMART deltas survive an independent replay | **yes** — -0.0167 / +0.0111 / +0.0122, exact |",context carries a past-tense / correction / superseded marker
docs/PHASE5-FINDINGS.md,27,0.0111,HISTORICAL,"| 4 | LambdaMART deltas survive an independent replay | **yes** — -0.0167 / +0.0111 / +0.0122, exact |",context carries a past-tense / correction / superseded marker
docs/PHASE5-FINDINGS.md,27,0.0122,HISTORICAL,"| 4 | LambdaMART deltas survive an independent replay | **yes** — -0.0167 / +0.0111 / +0.0122, exact |",context carries a past-tense / correction / superseded marker
docs/PHASE5-FINDINGS.md,32,38%,HISTORICAL,disagreed by one ULP on 36–38% of rows. The corpus adopted the commit before,context carries a past-tense / correction / superseded marker
docs/PHASE5-FINDINGS.md,223,49%,HISTORICAL,The instruction not to assume the AMLworld 49% end-to-end survival transfers was,context carries a past-tense / correction / superseded marker
docs/PHASE5-FINDINGS.md,269,2%,HISTORICAL,"the ~2% suspicious-subgraph prevalence, or a cross-dataset comparison against",context carries a past-tense / correction / superseded marker
docs/SCORE-VS-SIZE-FINDINGS.md,28,0.0988,CURRENT,"Spearman(v1 blend, size)          -0.0988",first-pass default: reads as a present-tense assertion
docs/SCORE-VS-SIZE-FINDINGS.md,29,0.0818,CURRENT,within-cycle median                -0.0818   (range -0.2176 .. -0.0492),first-pass default: reads as a present-tense assertion
docs/SCORE-VS-SIZE-FINDINGS.md,29,0.2176,CURRENT,within-cycle median                -0.0818   (range -0.2176 .. -0.0492),first-pass default: reads as a present-tense assertion
docs/SCORE-VS-SIZE-FINDINGS.md,29,0.0492,CURRENT,within-cycle median                -0.0818   (range -0.2176 .. -0.0492),first-pass default: reads as a present-tense assertion
docs/SCORE-VS-SIZE-FINDINGS.md,32,0.6719,CURRENT,"blend's rank, residualised on size's rank within cycle, still scores AUC 0.6719",first-pass default: reads as a present-tense assertion
docs/SCORE-VS-SIZE-FINDINGS.md,40,0.7104,CURRENT,"`size` is itself predictive (AUC 0.7104), so any term correlated with size",first-pass default: reads as a present-tense assertion
docs/SCORE-VS-SIZE-FINDINGS.md,48,0.0%,CURRENT,| temporal_cycle | 0.22 | 0.0% | 0.6005 | 0.5529 | +0.03 | positive |,first-pass default: reads as a present-tense assertion
docs/SCORE-VS-SIZE-FINDINGS.md,48,0.6005,CURRENT,| temporal_cycle | 0.22 | 0.0% | 0.6005 | 0.5529 | +0.03 | positive |,first-pass default: reads as a present-tense assertion
docs/SCORE-VS-SIZE-FINDINGS.md,48,0.5529,CURRENT,| temporal_cycle | 0.22 | 0.0% | 0.6005 | 0.5529 | +0.03 | positive |,first-pass default: reads as a present-tense assertion
docs/SCORE-VS-SIZE-FINDINGS.md,49,86.9%,CURRENT,| conservation | 0.15 | 86.9% | 0.5028 | 0.5446 | −0.01 | positive |,first-pass default: reads as a present-tense assertion
docs/SCORE-VS-SIZE-FINDINGS.md,49,0.5028,CURRENT,| conservation | 0.15 | 86.9% | 0.5028 | 0.5446 | −0.01 | positive |,first-pass default: reads as a present-tense assertion
docs/SCORE-VS-SIZE-FINDINGS.md,49,0.5446,CURRENT,| conservation | 0.15 | 86.9% | 0.5028 | 0.5446 | −0.01 | positive |,first-pass default: reads as a present-tense assertion
docs/SCORE-VS-SIZE-FINDINGS.md,50,11.2%,CURRENT,| fast_passthrough | 0.12 | 11.2% | 0.5815 | 0.5501 | +0.16 | positive |,first-pass default: reads as a present-tense assertion
docs/SCORE-VS-SIZE-FINDINGS.md,50,0.5815,CURRENT,| fast_passthrough | 0.12 | 11.2% | 0.5815 | 0.5501 | +0.16 | positive |,first-pass default: reads as a present-tense assertion
docs/SCORE-VS-SIZE-FINDINGS.md,50,0.5501,CURRENT,| fast_passthrough | 0.12 | 11.2% | 0.5815 | 0.5501 | +0.16 | positive |,first-pass default: reads as a present-tense assertion
docs/SCORE-VS-SIZE-FINDINGS.md,51,1.8%,CURRENT,| scatter_gather | 0.10 | 1.8% | 0.5954 | 0.5260 | +0.14 | null |,first-pass default: reads as a present-tense assertion
docs/SCORE-VS-SIZE-FINDINGS.md,51,0.5954,CURRENT,| scatter_gather | 0.10 | 1.8% | 0.5954 | 0.5260 | +0.14 | null |,first-pass default: reads as a present-tense assertion
docs/SCORE-VS-SIZE-FINDINGS.md,51,0.5260,CURRENT,| scatter_gather | 0.10 | 1.8% | 0.5954 | 0.5260 | +0.14 | null |,first-pass default: reads as a present-tense assertion
docs/SCORE-VS-SIZE-FINDINGS.md,52,100.0%,CURRENT,| **gargaml** | **0.09** | **100.0%** | 0.3577 | **0.4534** | **−0.50** | **INVERTED** |,first-pass default: reads as a present-tense assertion
docs/SCORE-VS-SIZE-FINDINGS.md,52,0.3577,CURRENT,| **gargaml** | **0.09** | **100.0%** | 0.3577 | **0.4534** | **−0.50** | **INVERTED** |,first-pass default: reads as a present-tense assertion
docs/SCORE-VS-SIZE-FINDINGS.md,52,0.4534,CURRENT,| **gargaml** | **0.09** | **100.0%** | 0.3577 | **0.4534** | **−0.50** | **INVERTED** |,first-pass default: reads as a present-tense assertion
docs/SCORE-VS-SIZE-FINDINGS.md,53,0.0%,CURRENT,| cycle | 0.08 | 0.0% | 0.6066 | 0.5533 | +0.03 | positive |,first-pass default: reads as a present-tense assertion
docs/SCORE-VS-SIZE-FINDINGS.md,53,0.6066,CURRENT,| cycle | 0.08 | 0.0% | 0.6066 | 0.5533 | +0.03 | positive |,first-pass default: reads as a present-tense assertion
docs/SCORE-VS-SIZE-FINDINGS.md,53,0.5533,CURRENT,| cycle | 0.08 | 0.0% | 0.6066 | 0.5533 | +0.03 | positive |,first-pass default: reads as a present-tense assertion
docs/SCORE-VS-SIZE-FINDINGS.md,54,28.5%,CURRENT,| gather_scatter | 0.05 | 28.5% | 0.6292 | 0.5104 | +0.58 | null |,first-pass default: reads as a present-tense assertion
docs/SCORE-VS-SIZE-FINDINGS.md,54,0.6292,CURRENT,| gather_scatter | 0.05 | 28.5% | 0.6292 | 0.5104 | +0.58 | null |,first-pass default: reads as a present-tense assertion
docs/SCORE-VS-SIZE-FINDINGS.md,54,0.5104,CURRENT,| gather_scatter | 0.05 | 28.5% | 0.6292 | 0.5104 | +0.58 | null |,first-pass default: reads as a present-tense assertion
docs/SCORE-VS-SIZE-FINDINGS.md,55,9.9%,CURRENT,| bipartite | 0.05 | 9.9% | 0.5175 | 0.4752 | +0.42 | null |,first-pass default: reads as a present-tense assertion
docs/SCORE-VS-SIZE-FINDINGS.md,55,0.5175,CURRENT,| bipartite | 0.05 | 9.9% | 0.5175 | 0.4752 | +0.42 | null |,first-pass default: reads as a present-tense assertion
docs/SCORE-VS-SIZE-FINDINGS.md,55,0.4752,CURRENT,| bipartite | 0.05 | 9.9% | 0.5175 | 0.4752 | +0.42 | null |,first-pass default: reads as a present-tense assertion
docs/SCORE-VS-SIZE-FINDINGS.md,56,99.6%,CURRENT,| **stack** | **0.05** | **99.6%** | 0.3601 | **0.4552** | **−0.50** | **INVERTED** |,first-pass default: reads as a present-tense assertion
docs/SCORE-VS-SIZE-FINDINGS.md,56,0.3601,CURRENT,| **stack** | **0.05** | **99.6%** | 0.3601 | **0.4552** | **−0.50** | **INVERTED** |,first-pass default: reads as a present-tense assertion
docs/SCORE-VS-SIZE-FINDINGS.md,56,0.4552,CURRENT,| **stack** | **0.05** | **99.6%** | 0.3601 | **0.4552** | **−0.50** | **INVERTED** |,first-pass default: reads as a present-tense assertion
docs/SCORE-VS-SIZE-FINDINGS.md,57,100.0%,CURRENT,| passthrough | 0.04 | 100.0% | 0.5548 | 0.5579 | −0.69 | positive |,first-pass default: reads as a present-tense assertion
docs/SCORE-VS-SIZE-FINDINGS.md,57,0.5548,CURRENT,| passthrough | 0.04 | 100.0% | 0.5548 | 0.5579 | −0.69 | positive |,first-pass default: reads as a present-tense assertion
docs/SCORE-VS-SIZE-FINDINGS.md,57,0.5579,CURRENT,| passthrough | 0.04 | 100.0% | 0.5548 | 0.5579 | −0.69 | positive |,first-pass default: reads as a present-tense assertion
docs/SCORE-VS-SIZE-FINDINGS.md,58,47.2%,CURRENT,| cross_border | 0.03 | 47.2% | 0.7964 | 0.7036 | +0.18 | positive |,first-pass default: reads as a present-tense assertion
docs/SCORE-VS-SIZE-FINDINGS.md,58,0.7964,CURRENT,| cross_border | 0.03 | 47.2% | 0.7964 | 0.7036 | +0.18 | positive |,first-pass default: reads as a present-tense assertion
docs/SCORE-VS-SIZE-FINDINGS.md,58,0.7036,CURRENT,| cross_border | 0.03 | 47.2% | 0.7964 | 0.7036 | +0.18 | positive |,first-pass default: reads as a present-tense assertion
docs/SCORE-VS-SIZE-FINDINGS.md,59,100.0%,CURRENT,| burstiness | 0.01 | 100.0% | 0.5466 | 0.3264 | +0.71 | INVERTED |,first-pass default: reads as a present-tense assertion
docs/SCORE-VS-SIZE-FINDINGS.md,59,0.5466,CURRENT,| burstiness | 0.01 | 100.0% | 0.5466 | 0.3264 | +0.71 | INVERTED |,first-pass default: reads as a present-tense assertion
docs/SCORE-VS-SIZE-FINDINGS.md,59,0.3264,CURRENT,| burstiness | 0.01 | 100.0% | 0.5466 | 0.3264 | +0.71 | INVERTED |,first-pass default: reads as a present-tense assertion
docs/SCORE-VS-SIZE-FINDINGS.md,60,0.0%,CURRENT,| round_amounts | 0.01 | 0.0% | 0.4999 | 0.4999 | +0.01 | null |,first-pass default: reads as a present-tense assertion
docs/SCORE-VS-SIZE-FINDINGS.md,60,0.4999,CURRENT,| round_amounts | 0.01 | 0.0% | 0.4999 | 0.4999 | +0.01 | null |,first-pass default: reads as a present-tense assertion
docs/SCORE-VS-SIZE-FINDINGS.md,60,0.4999,CURRENT,| round_amounts | 0.01 | 0.0% | 0.4999 | 0.4999 | +0.01 | null |,first-pass default: reads as a present-tense assertion
docs/SCORE-VS-SIZE-FINDINGS.md,61,0.7104,CURRENT,| *size (itself)* | — | — | **0.7104** | — | — | — |,first-pass default: reads as a present-tense assertion
docs/SCORE-VS-SIZE-FINDINGS.md,66,100%,CURRENT,near-saturated across nearly every candidate — `gargaml` fires on 100% with,first-pass default: reads as a present-tense assertion
docs/SCORE-VS-SIZE-FINDINGS.md,67,0.915,CURRENT,"mean 0.915, `stack` on 99.6% with mean 0.910. A term that is almost always ~0.91",first-pass default: reads as a present-tense assertion
docs/SCORE-VS-SIZE-FINDINGS.md,67,99.6%,CURRENT,"mean 0.915, `stack` on 99.6% with mean 0.910. A term that is almost always ~0.91",first-pass default: reads as a present-tense assertion
docs/SCORE-VS-SIZE-FINDINGS.md,67,0.910,CURRENT,"mean 0.915, `stack` on 99.6% with mean 0.910. A term that is almost always ~0.91",first-pass default: reads as a present-tense assertion
docs/SCORE-VS-SIZE-FINDINGS.md,69,0.495,HISTORICAL,"is an inverse proxy for size (ρ = −0.495 and −0.499). Post-pruning, size became",context carries a past-tense / correction / superseded marker
docs/SCORE-VS-SIZE-FINDINGS.md,69,0.499,HISTORICAL,"is an inverse proxy for size (ρ = −0.495 and −0.499). Post-pruning, size became",context carries a past-tense / correction / superseded marker
docs/SCORE-VS-SIZE-FINDINGS.md,72,0.4534,HISTORICAL,"exactly constant they still score 0.4534 and 0.4552, below 0.5 on their own",context carries a past-tense / correction / superseded marker
docs/SCORE-VS-SIZE-FINDINGS.md,72,0.4552,HISTORICAL,"exactly constant they still score 0.4534 and 0.4552, below 0.5 on their own",context carries a past-tense / correction / superseded marker
docs/SCORE-VS-SIZE-FINDINGS.md,75,0.7036,CURRENT,**The strongest term carries the smallest weight.** `cross_border` scores 0.7036,first-pass default: reads as a present-tense assertion
docs/SCORE-VS-SIZE-FINDINGS.md,80,0.1%,HISTORICAL,"under 0.1% of candidates. At k=10 that rarity is a virtue, and it was being",context carries a past-tense / correction / superseded marker
docs/SCORE-VS-SIZE-FINDINGS.md,82,99.9%,HISTORICAL,weight that is zero on 99.9% of them.,context carries a past-tense / correction / superseded marker
docs/SCORE-VS-SIZE-FINDINGS.md,91,0.0500,CURRENT,| v1 (retired terms restored) | 0.0500 | 0.0389 | 0.0244 | 0.0144 |,first-pass default: reads as a present-tense assertion
docs/SCORE-VS-SIZE-FINDINGS.md,91,0.0389,CURRENT,| v1 (retired terms restored) | 0.0500 | 0.0389 | 0.0244 | 0.0144 |,first-pass default: reads as a present-tense assertion
docs/SCORE-VS-SIZE-FINDINGS.md,91,0.0244,CURRENT,| v1 (retired terms restored) | 0.0500 | 0.0389 | 0.0244 | 0.0144 |,first-pass default: reads as a present-tense assertion
docs/SCORE-VS-SIZE-FINDINGS.md,91,0.0144,CURRENT,| v1 (retired terms restored) | 0.0500 | 0.0389 | 0.0244 | 0.0144 |,first-pass default: reads as a present-tense assertion
docs/SCORE-VS-SIZE-FINDINGS.md,92,0.1889,CURRENT,| **shipped (terms retired)** | **0.1889** | **0.1000** | **0.0467** | **0.0244** |,first-pass default: reads as a present-tense assertion
docs/SCORE-VS-SIZE-FINDINGS.md,92,0.1000,CURRENT,| **shipped (terms retired)** | **0.1889** | **0.1000** | **0.0467** | **0.0244** |,first-pass default: reads as a present-tense assertion
docs/SCORE-VS-SIZE-FINDINGS.md,92,0.0467,CURRENT,| **shipped (terms retired)** | **0.1889** | **0.1000** | **0.0467** | **0.0244** |,first-pass default: reads as a present-tense assertion
docs/SCORE-VS-SIZE-FINDINGS.md,92,0.0244,CURRENT,| **shipped (terms retired)** | **0.1889** | **0.1000** | **0.0467** | **0.0244** |,first-pass default: reads as a present-tense assertion
docs/SCORE-VS-SIZE-FINDINGS.md,93,0.1944,CURRENT,| nnls fit on train | 0.1944 | 0.1028 | 0.0478 | 0.0267 |,first-pass default: reads as a present-tense assertion
docs/SCORE-VS-SIZE-FINDINGS.md,93,0.1028,CURRENT,| nnls fit on train | 0.1944 | 0.1028 | 0.0478 | 0.0267 |,first-pass default: reads as a present-tense assertion
docs/SCORE-VS-SIZE-FINDINGS.md,93,0.0478,CURRENT,| nnls fit on train | 0.1944 | 0.1028 | 0.0478 | 0.0267 |,first-pass default: reads as a present-tense assertion
docs/SCORE-VS-SIZE-FINDINGS.md,93,0.0267,CURRENT,| nnls fit on train | 0.1944 | 0.1028 | 0.0478 | 0.0267 |,first-pass default: reads as a present-tense assertion
docs/SCORE-VS-SIZE-FINDINGS.md,94,0.0444,CURRENT,| size | 0.0444 | 0.0444 | 0.0256 | 0.0183 |,first-pass default: reads as a present-tense assertion
docs/SCORE-VS-SIZE-FINDINGS.md,94,0.0444,CURRENT,| size | 0.0444 | 0.0444 | 0.0256 | 0.0183 |,first-pass default: reads as a present-tense assertion
docs/SCORE-VS-SIZE-FINDINGS.md,94,0.0256,CURRENT,| size | 0.0444 | 0.0444 | 0.0256 | 0.0183 |,first-pass default: reads as a present-tense assertion
docs/SCORE-VS-SIZE-FINDINGS.md,94,0.0183,CURRENT,| size | 0.0444 | 0.0444 | 0.0256 | 0.0183 |,first-pass default: reads as a present-tense assertion
docs/SCORE-VS-SIZE-FINDINGS.md,95,0.0167,CURRENT,| degree | 0.0167 | 0.0389 | 0.0278 | 0.0200 |,first-pass default: reads as a present-tense assertion
docs/SCORE-VS-SIZE-FINDINGS.md,95,0.0389,CURRENT,| degree | 0.0167 | 0.0389 | 0.0278 | 0.0200 |,first-pass default: reads as a present-tense assertion
docs/SCORE-VS-SIZE-FINDINGS.md,95,0.0278,CURRENT,| degree | 0.0167 | 0.0389 | 0.0278 | 0.0200 |,first-pass default: reads as a present-tense assertion
docs/SCORE-VS-SIZE-FINDINGS.md,95,0.0200,CURRENT,| degree | 0.0167 | 0.0389 | 0.0278 | 0.0200 |,first-pass default: reads as a present-tense assertion
docs/SCORE-VS-SIZE-FINDINGS.md,96,0.0000,CURRENT,| random | 0.0000 | 0.0000 | 0.0000 | 0.0000 |,first-pass default: reads as a present-tense assertion
docs/SCORE-VS-SIZE-FINDINGS.md,96,0.0000,CURRENT,| random | 0.0000 | 0.0000 | 0.0000 | 0.0000 |,first-pass default: reads as a present-tense assertion
docs/SCORE-VS-SIZE-FINDINGS.md,96,0.0000,CURRENT,| random | 0.0000 | 0.0000 | 0.0000 | 0.0000 |,first-pass default: reads as a present-tense assertion
docs/SCORE-VS-SIZE-FINDINGS.md,96,0.0000,CURRENT,| random | 0.0000 | 0.0000 | 0.0000 | 0.0000 |,first-pass default: reads as a present-tense assertion
docs/SCORE-VS-SIZE-FINDINGS.md,104,0.0056,CURRENT,"| 10 | +0.0056 [−0.0167, +0.0278] — includes zero | **+0.1444 [+0.0556, +0.2444]** |",first-pass default: reads as a present-tense assertion
docs/SCORE-VS-SIZE-FINDINGS.md,104,0.0167,CURRENT,"| 10 | +0.0056 [−0.0167, +0.0278] — includes zero | **+0.1444 [+0.0556, +0.2444]** |",first-pass default: reads as a present-tense assertion
docs/SCORE-VS-SIZE-FINDINGS.md,104,0.0278,CURRENT,"| 10 | +0.0056 [−0.0167, +0.0278] — includes zero | **+0.1444 [+0.0556, +0.2444]** |",first-pass default: reads as a present-tense assertion
docs/SCORE-VS-SIZE-FINDINGS.md,104,0.1444,CURRENT,"| 10 | +0.0056 [−0.0167, +0.0278] — includes zero | **+0.1444 [+0.0556, +0.2444]** |",first-pass default: reads as a present-tense assertion
docs/SCORE-VS-SIZE-FINDINGS.md,104,0.0556,CURRENT,"| 10 | +0.0056 [−0.0167, +0.0278] — includes zero | **+0.1444 [+0.0556, +0.2444]** |",first-pass default: reads as a present-tense assertion
docs/SCORE-VS-SIZE-FINDINGS.md,104,0.2444,CURRENT,"| 10 | +0.0056 [−0.0167, +0.0278] — includes zero | **+0.1444 [+0.0556, +0.2444]** |",first-pass default: reads as a present-tense assertion
docs/SCORE-VS-SIZE-FINDINGS.md,105,0.0056,CURRENT,"| 20 | −0.0056 [−0.0278, +0.0167] — includes zero | **+0.0556 [+0.0167, +0.1000]** |",first-pass default: reads as a present-tense assertion
docs/SCORE-VS-SIZE-FINDINGS.md,105,0.0278,CURRENT,"| 20 | −0.0056 [−0.0278, +0.0167] — includes zero | **+0.0556 [+0.0167, +0.1000]** |",first-pass default: reads as a present-tense assertion
docs/SCORE-VS-SIZE-FINDINGS.md,105,0.0167,CURRENT,"| 20 | −0.0056 [−0.0278, +0.0167] — includes zero | **+0.0556 [+0.0167, +0.1000]** |",first-pass default: reads as a present-tense assertion
docs/SCORE-VS-SIZE-FINDINGS.md,105,0.0556,CURRENT,"| 20 | −0.0056 [−0.0278, +0.0167] — includes zero | **+0.0556 [+0.0167, +0.1000]** |",first-pass default: reads as a present-tense assertion
docs/SCORE-VS-SIZE-FINDINGS.md,105,0.0167,CURRENT,"| 20 | −0.0056 [−0.0278, +0.0167] — includes zero | **+0.0556 [+0.0167, +0.1000]** |",first-pass default: reads as a present-tense assertion
docs/SCORE-VS-SIZE-FINDINGS.md,105,0.1000,CURRENT,"| 20 | −0.0056 [−0.0278, +0.0167] — includes zero | **+0.0556 [+0.0167, +0.1000]** |",first-pass default: reads as a present-tense assertion
docs/SCORE-VS-SIZE-FINDINGS.md,106,0.0011,CURRENT,"| 50 | −0.0011 [−0.0133, +0.0111] — includes zero | **+0.0211 [+0.0078, +0.0367]** |",first-pass default: reads as a present-tense assertion
docs/SCORE-VS-SIZE-FINDINGS.md,106,0.0133,CURRENT,"| 50 | −0.0011 [−0.0133, +0.0111] — includes zero | **+0.0211 [+0.0078, +0.0367]** |",first-pass default: reads as a present-tense assertion
docs/SCORE-VS-SIZE-FINDINGS.md,106,0.0111,CURRENT,"| 50 | −0.0011 [−0.0133, +0.0111] — includes zero | **+0.0211 [+0.0078, +0.0367]** |",first-pass default: reads as a present-tense assertion
docs/SCORE-VS-SIZE-FINDINGS.md,106,0.0211,CURRENT,"| 50 | −0.0011 [−0.0133, +0.0111] — includes zero | **+0.0211 [+0.0078, +0.0367]** |",first-pass default: reads as a present-tense assertion
docs/SCORE-VS-SIZE-FINDINGS.md,106,0.0078,CURRENT,"| 50 | −0.0011 [−0.0133, +0.0111] — includes zero | **+0.0211 [+0.0078, +0.0367]** |",first-pass default: reads as a present-tense assertion
docs/SCORE-VS-SIZE-FINDINGS.md,106,0.0367,CURRENT,"| 50 | −0.0011 [−0.0133, +0.0111] — includes zero | **+0.0211 [+0.0078, +0.0367]** |",first-pass default: reads as a present-tense assertion
docs/SCORE-VS-SIZE-FINDINGS.md,107,0.0039,CURRENT,"| 100 | −0.0039 [−0.0106, +0.0017] — includes zero | **+0.0061 [+0.0011, +0.0122]** |",first-pass default: reads as a present-tense assertion
docs/SCORE-VS-SIZE-FINDINGS.md,107,0.0106,CURRENT,"| 100 | −0.0039 [−0.0106, +0.0017] — includes zero | **+0.0061 [+0.0011, +0.0122]** |",first-pass default: reads as a present-tense assertion
docs/SCORE-VS-SIZE-FINDINGS.md,107,0.0017,CURRENT,"| 100 | −0.0039 [−0.0106, +0.0017] — includes zero | **+0.0061 [+0.0011, +0.0122]** |",first-pass default: reads as a present-tense assertion
docs/SCORE-VS-SIZE-FINDINGS.md,107,0.0061,CURRENT,"| 100 | −0.0039 [−0.0106, +0.0017] — includes zero | **+0.0061 [+0.0011, +0.0122]** |",first-pass default: reads as a present-tense assertion
docs/SCORE-VS-SIZE-FINDINGS.md,107,0.0011,CURRENT,"| 100 | −0.0039 [−0.0106, +0.0017] — includes zero | **+0.0061 [+0.0011, +0.0122]** |",first-pass default: reads as a present-tense assertion
docs/SCORE-VS-SIZE-FINDINGS.md,107,0.0122,CURRENT,"| 100 | −0.0039 [−0.0106, +0.0017] — includes zero | **+0.0061 [+0.0011, +0.0122]** |",first-pass default: reads as a present-tense assertion
docs/SCORE-VS-SIZE-FINDINGS.md,115,0.1500,CURRENT,"reaches +0.1500 [+0.0722, +0.2389] at k=10. That point estimate sits *inside*",first-pass default: reads as a present-tense assertion
docs/SCORE-VS-SIZE-FINDINGS.md,115,0.0722,CURRENT,"reaches +0.1500 [+0.0722, +0.2389] at k=10. That point estimate sits *inside*",first-pass default: reads as a present-tense assertion
docs/SCORE-VS-SIZE-FINDINGS.md,115,0.2389,CURRENT,"reaches +0.1500 [+0.0722, +0.2389] at k=10. That point estimate sits *inside*",first-pass default: reads as a present-tense assertion
docs/SCORE-VS-SIZE-FINDINGS.md,133,0.1944,CURRENT,"training sets: median p@10 0.1944, range [0.1667, 0.2111]; 30 of 30 beat the",first-pass default: reads as a present-tense assertion
docs/SCORE-VS-SIZE-FINDINGS.md,133,0.1667,CURRENT,"training sets: median p@10 0.1944, range [0.1667, 0.2111]; 30 of 30 beat the",first-pass default: reads as a present-tense assertion
docs/SCORE-VS-SIZE-FINDINGS.md,133,0.2111,CURRENT,"training sets: median p@10 0.1944, range [0.1667, 0.2111]; 30 of 30 beat the",first-pass default: reads as a present-tense assertion
docs/SCORE-VS-SIZE-FINDINGS.md,136,0.1889,CURRENT,"+0.1889 [+0.0944, +0.3000] at k=10 — slightly *better*. The result does not",first-pass default: reads as a present-tense assertion
docs/SCORE-VS-SIZE-FINDINGS.md,136,0.0944,CURRENT,"+0.1889 [+0.0944, +0.3000] at k=10 — slightly *better*. The result does not",first-pass default: reads as a present-tense assertion
docs/SCORE-VS-SIZE-FINDINGS.md,136,0.3000,CURRENT,"+0.1889 [+0.0944, +0.3000] at k=10 — slightly *better*. The result does not",first-pass default: reads as a present-tense assertion
docs/SCORE-VS-SIZE-FINDINGS.md,139,0.1000,HISTORICAL,"fixture, a different graph entirely, moved p@10 0.1000 → 0.2000, p@20",context carries a past-tense / correction / superseded marker
docs/SCORE-VS-SIZE-FINDINGS.md,139,0.2000,HISTORICAL,"fixture, a different graph entirely, moved p@10 0.1000 → 0.2000, p@20",context carries a past-tense / correction / superseded marker
docs/SCORE-VS-SIZE-FINDINGS.md,140,0.0500,HISTORICAL,"0.0500 → 0.1167, p@50 0.0533 → 0.1000, ring recall 0.1818 → 0.2500.",context carries a past-tense / correction / superseded marker
docs/SCORE-VS-SIZE-FINDINGS.md,140,0.1167,HISTORICAL,"0.0500 → 0.1167, p@50 0.0533 → 0.1000, ring recall 0.1818 → 0.2500.",context carries a past-tense / correction / superseded marker
docs/SCORE-VS-SIZE-FINDINGS.md,140,0.0533,HISTORICAL,"0.0500 → 0.1167, p@50 0.0533 → 0.1000, ring recall 0.1818 → 0.2500.",context carries a past-tense / correction / superseded marker
docs/SCORE-VS-SIZE-FINDINGS.md,140,0.1000,HISTORICAL,"0.0500 → 0.1167, p@50 0.0533 → 0.1000, ring recall 0.1818 → 0.2500.",context carries a past-tense / correction / superseded marker
docs/SCORE-VS-SIZE-FINDINGS.md,140,0.1818,HISTORICAL,"0.0500 → 0.1167, p@50 0.0533 → 0.1000, ring recall 0.1818 → 0.2500.",context carries a past-tense / correction / superseded marker
docs/SCORE-VS-SIZE-FINDINGS.md,140,0.2500,HISTORICAL,"0.0500 → 0.1167, p@50 0.0533 → 0.1000, ring recall 0.1818 → 0.2500.",context carries a past-tense / correction / superseded marker
docs/SCORE-VS-SIZE-FINDINGS.md,141,0.3264,HISTORICAL,* **`burstiness` was left alone.** It measures as inverted (0.3264) but carries,context carries a past-tense / correction / superseded marker
docs/SCORE-VS-SIZE-FINDINGS.md,155,0.291,CURRENT,| **score** | **0.291** | **0.157** | **0.076** | 0.041 | **23.9%** (62 rings) |,first-pass default: reads as a present-tense assertion
docs/SCORE-VS-SIZE-FINDINGS.md,155,0.157,CURRENT,| **score** | **0.291** | **0.157** | **0.076** | 0.041 | **23.9%** (62 rings) |,first-pass default: reads as a present-tense assertion
docs/SCORE-VS-SIZE-FINDINGS.md,155,0.076,CURRENT,| **score** | **0.291** | **0.157** | **0.076** | 0.041 | **23.9%** (62 rings) |,first-pass default: reads as a present-tense assertion
docs/SCORE-VS-SIZE-FINDINGS.md,155,0.041,CURRENT,| **score** | **0.291** | **0.157** | **0.076** | 0.041 | **23.9%** (62 rings) |,first-pass default: reads as a present-tense assertion
docs/SCORE-VS-SIZE-FINDINGS.md,155,23.9%,CURRENT,| **score** | **0.291** | **0.157** | **0.076** | 0.041 | **23.9%** (62 rings) |,first-pass default: reads as a present-tense assertion
docs/SCORE-VS-SIZE-FINDINGS.md,156,0.094,CURRENT,| size | 0.094 | 0.074 | 0.051 | 0.035 | 18.5% (48) |,first-pass default: reads as a present-tense assertion
docs/SCORE-VS-SIZE-FINDINGS.md,156,0.074,CURRENT,| size | 0.094 | 0.074 | 0.051 | 0.035 | 18.5% (48) |,first-pass default: reads as a present-tense assertion
docs/SCORE-VS-SIZE-FINDINGS.md,156,0.051,CURRENT,| size | 0.094 | 0.074 | 0.051 | 0.035 | 18.5% (48) |,first-pass default: reads as a present-tense assertion
docs/SCORE-VS-SIZE-FINDINGS.md,156,0.035,CURRENT,| size | 0.094 | 0.074 | 0.051 | 0.035 | 18.5% (48) |,first-pass default: reads as a present-tense assertion
docs/SCORE-VS-SIZE-FINDINGS.md,156,18.5%,CURRENT,| size | 0.094 | 0.074 | 0.051 | 0.035 | 18.5% (48) |,first-pass default: reads as a present-tense assertion
docs/SCORE-VS-SIZE-FINDINGS.md,157,0.065,CURRENT,| degree | 0.065 | 0.072 | 0.049 | 0.035 | 16.6% (43) |,first-pass default: reads as a present-tense assertion
docs/SCORE-VS-SIZE-FINDINGS.md,157,0.072,CURRENT,| degree | 0.065 | 0.072 | 0.049 | 0.035 | 16.6% (43) |,first-pass default: reads as a present-tense assertion
docs/SCORE-VS-SIZE-FINDINGS.md,157,0.049,CURRENT,| degree | 0.065 | 0.072 | 0.049 | 0.035 | 16.6% (43) |,first-pass default: reads as a present-tense assertion
docs/SCORE-VS-SIZE-FINDINGS.md,157,0.035,CURRENT,| degree | 0.065 | 0.072 | 0.049 | 0.035 | 16.6% (43) |,first-pass default: reads as a present-tense assertion
docs/SCORE-VS-SIZE-FINDINGS.md,157,16.6%,CURRENT,| degree | 0.065 | 0.072 | 0.049 | 0.035 | 16.6% (43) |,first-pass default: reads as a present-tense assertion
docs/SCORE-VS-SIZE-FINDINGS.md,158,0.000,CURRENT,| random | 0.000 | 0.004 | 0.004 | 0.002 | 5.4% (14) |,first-pass default: reads as a present-tense assertion
docs/SCORE-VS-SIZE-FINDINGS.md,158,0.004,CURRENT,| random | 0.000 | 0.004 | 0.004 | 0.002 | 5.4% (14) |,first-pass default: reads as a present-tense assertion
docs/SCORE-VS-SIZE-FINDINGS.md,158,0.004,CURRENT,| random | 0.000 | 0.004 | 0.004 | 0.002 | 5.4% (14) |,first-pass default: reads as a present-tense assertion
docs/SCORE-VS-SIZE-FINDINGS.md,158,0.002,CURRENT,| random | 0.000 | 0.004 | 0.004 | 0.002 | 5.4% (14) |,first-pass default: reads as a present-tense assertion
docs/SCORE-VS-SIZE-FINDINGS.md,158,5.4%,CURRENT,| random | 0.000 | 0.004 | 0.004 | 0.002 | 5.4% (14) |,first-pass default: reads as a present-tense assertion
docs/SCORE-VS-SIZE-FINDINGS.md,162,95%,DERIVED,| k | delta | 95% CI | verdict |,line asserts a relationship between two numbers
docs/SCORE-VS-SIZE-FINDINGS.md,164,0.1971,CURRENT,"| 10 | **+0.1971** | [+0.1235, +0.2676] | **excludes zero** |",first-pass default: reads as a present-tense assertion
docs/SCORE-VS-SIZE-FINDINGS.md,164,0.1235,CURRENT,"| 10 | **+0.1971** | [+0.1235, +0.2676] | **excludes zero** |",first-pass default: reads as a present-tense assertion
docs/SCORE-VS-SIZE-FINDINGS.md,164,0.2676,CURRENT,"| 10 | **+0.1971** | [+0.1235, +0.2676] | **excludes zero** |",first-pass default: reads as a present-tense assertion
docs/SCORE-VS-SIZE-FINDINGS.md,165,0.0838,CURRENT,"| 20 | **+0.0838** | [+0.0471, +0.1176] | **excludes zero** |",first-pass default: reads as a present-tense assertion
docs/SCORE-VS-SIZE-FINDINGS.md,165,0.0471,CURRENT,"| 20 | **+0.0838** | [+0.0471, +0.1176] | **excludes zero** |",first-pass default: reads as a present-tense assertion
docs/SCORE-VS-SIZE-FINDINGS.md,165,0.1176,CURRENT,"| 20 | **+0.0838** | [+0.0471, +0.1176] | **excludes zero** |",first-pass default: reads as a present-tense assertion
docs/SCORE-VS-SIZE-FINDINGS.md,166,0.0253,CURRENT,"| 50 | **+0.0253** | [+0.0088, +0.0412] | **excludes zero** |",first-pass default: reads as a present-tense assertion
docs/SCORE-VS-SIZE-FINDINGS.md,166,0.0088,CURRENT,"| 50 | **+0.0253** | [+0.0088, +0.0412] | **excludes zero** |",first-pass default: reads as a present-tense assertion
docs/SCORE-VS-SIZE-FINDINGS.md,166,0.0412,CURRENT,"| 50 | **+0.0253** | [+0.0088, +0.0412] | **excludes zero** |",first-pass default: reads as a present-tense assertion
docs/SCORE-VS-SIZE-FINDINGS.md,167,0.0056,HISTORICAL,"| 100 | +0.0056 | [−0.0032, +0.0135] | includes zero |",context carries a past-tense / correction / superseded marker
docs/SCORE-VS-SIZE-FINDINGS.md,167,0.0032,HISTORICAL,"| 100 | +0.0056 | [−0.0032, +0.0135] | includes zero |",context carries a past-tense / correction / superseded marker
docs/SCORE-VS-SIZE-FINDINGS.md,167,0.0135,HISTORICAL,"| 100 | +0.0056 | [−0.0032, +0.0135] | includes zero |",context carries a past-tense / correction / superseded marker
docs/SCORE-VS-SIZE-FINDINGS.md,169,0.009,HISTORICAL,"Before the retirement the same four rows read +0.009 [−0.027, +0.041],",context carries a past-tense / correction / superseded marker
docs/SCORE-VS-SIZE-FINDINGS.md,169,0.027,HISTORICAL,"Before the retirement the same four rows read +0.009 [−0.027, +0.041],",context carries a past-tense / correction / superseded marker
docs/SCORE-VS-SIZE-FINDINGS.md,169,0.041,HISTORICAL,"Before the retirement the same four rows read +0.009 [−0.027, +0.041],",context carries a past-tense / correction / superseded marker
docs/SCORE-VS-SIZE-FINDINGS.md,170,0.006,HISTORICAL,"+0.006 [−0.021, +0.031], −0.007 [−0.019, +0.005] and −0.009 [−0.016, −0.002].",context carries a past-tense / correction / superseded marker
docs/SCORE-VS-SIZE-FINDINGS.md,170,0.021,HISTORICAL,"+0.006 [−0.021, +0.031], −0.007 [−0.019, +0.005] and −0.009 [−0.016, −0.002].",context carries a past-tense / correction / superseded marker
docs/SCORE-VS-SIZE-FINDINGS.md,170,0.031,HISTORICAL,"+0.006 [−0.021, +0.031], −0.007 [−0.019, +0.005] and −0.009 [−0.016, −0.002].",context carries a past-tense / correction / superseded marker
docs/SCORE-VS-SIZE-FINDINGS.md,170,0.007,HISTORICAL,"+0.006 [−0.021, +0.031], −0.007 [−0.019, +0.005] and −0.009 [−0.016, −0.002].",context carries a past-tense / correction / superseded marker
docs/SCORE-VS-SIZE-FINDINGS.md,170,0.019,HISTORICAL,"+0.006 [−0.021, +0.031], −0.007 [−0.019, +0.005] and −0.009 [−0.016, −0.002].",context carries a past-tense / correction / superseded marker
docs/SCORE-VS-SIZE-FINDINGS.md,170,0.005,HISTORICAL,"+0.006 [−0.021, +0.031], −0.007 [−0.019, +0.005] and −0.009 [−0.016, −0.002].",context carries a past-tense / correction / superseded marker
docs/SCORE-VS-SIZE-FINDINGS.md,170,0.009,HISTORICAL,"+0.006 [−0.021, +0.031], −0.007 [−0.019, +0.005] and −0.009 [−0.016, −0.002].",context carries a past-tense / correction / superseded marker
docs/SCORE-VS-SIZE-FINDINGS.md,170,0.016,HISTORICAL,"+0.006 [−0.021, +0.031], −0.007 [−0.019, +0.005] and −0.009 [−0.016, −0.002].",context carries a past-tense / correction / superseded marker
docs/SCORE-VS-SIZE-FINDINGS.md,170,0.002,HISTORICAL,"+0.006 [−0.021, +0.031], −0.007 [−0.019, +0.005] and −0.009 [−0.016, −0.002].",context carries a past-tense / correction / superseded marker
docs/SCORE-VS-SIZE-FINDINGS.md,185,0.1444,CURRENT,The held-out measurement gives +0.1444 at k=10; this one gives +0.1971. The,first-pass default: reads as a present-tense assertion
docs/SCORE-VS-SIZE-FINDINGS.md,185,0.1971,CURRENT,The held-out measurement gives +0.1444 at k=10; this one gives +0.1971. The,first-pass default: reads as a present-tense assertion
docs/SCORE-VS-SIZE-FINDINGS.md,199,0.0882,HISTORICAL,"* **The size baseline moved too**, 0.0882 to 0.0941 at k=10, despite `size`",context carries a past-tense / correction / superseded marker
docs/SCORE-VS-SIZE-FINDINGS.md,199,0.0941,HISTORICAL,"* **The size baseline moved too**, 0.0882 to 0.0941 at k=10, despite `size`",context carries a past-tense / correction / superseded marker
docs/SCORE-VS-SIZE-FINDINGS.md,206,0.1444,CURRENT,"selection, and only section 3's +0.1444 is the ranking effect alone. Anyone",first-pass default: reads as a present-tense assertion
docs/SCORE-VS-SIZE-FINDINGS.md,207,0.097,CURRENT,"attributing the whole 0.097 to 0.291 move to ""better weights"" is over-claiming;",first-pass default: reads as a present-tense assertion
docs/SCORE-VS-SIZE-FINDINGS.md,207,0.291,CURRENT,"attributing the whole 0.097 to 0.291 move to ""better weights"" is over-claiming;",first-pass default: reads as a present-tense assertion
docs/SCORE-VS-SIZE-FINDINGS.md,225,0.7036,CURRENT,"**`cross_border` is not being exploited, on purpose.** At AUC 0.7036 with size",first-pass default: reads as a present-tense assertion
docs/SCORE-VS-SIZE-FINDINGS.md,226,0.035,CURRENT,"fixed it is the strongest single term measured here, on 0.035 of the weight —",first-pass default: reads as a present-tense assertion
docs/SCORE-VS-SIZE-FINDINGS.md,228,86.6%,CURRENT,excluded for being a generator artefact (86.6% of laundering rows ACH against,first-pass default: reads as a present-tense assertion
docs/SCORE-VS-SIZE-FINDINGS.md,229,11.8%,CURRENT,"an 11.8% base rate). AMLworld injects its typologies, and ""the injected rings",first-pass default: reads as a present-tense assertion
docs/SCORE-VS-SIZE-FINDINGS.md,241,0.2778,HISTORICAL,"reaches p@10 0.2778 on the oracle design against this blend's 0.1889, so a",context carries a past-tense / correction / superseded marker
docs/SCORE-VS-SIZE-FINDINGS.md,241,0.1889,HISTORICAL,"reaches p@10 0.2778 on the oracle design against this blend's 0.1889, so a",context carries a past-tense / correction / superseded marker
docs/SCORE-VS-SIZE-FINDINGS.md,265,0.2778,HISTORICAL,"supervised p@10 of 0.2778 comes from a replay under the old weights, and",context carries a past-tense / correction / superseded marker
docs/SCORE-VS-SIZE-FINDINGS.md,269,0.2778,HISTORICAL,shared pool: the pointwise model reaches 0.2778 against the corrected blend's,context carries a past-tense / correction / superseded marker
docs/SCORE-VS-SIZE-FINDINGS.md,270,0.1889,HISTORICAL,"0.1889, a paired delta of **+0.0889 [+0.0333, +0.1500]**. That delta was",context carries a past-tense / correction / superseded marker
docs/SCORE-VS-SIZE-FINDINGS.md,270,0.0889,HISTORICAL,"0.1889, a paired delta of **+0.0889 [+0.0333, +0.1500]**. That delta was",context carries a past-tense / correction / superseded marker
docs/SCORE-VS-SIZE-FINDINGS.md,270,0.0333,HISTORICAL,"0.1889, a paired delta of **+0.0889 [+0.0333, +0.1500]**. That delta was",context carries a past-tense / correction / superseded marker
docs/SCORE-VS-SIZE-FINDINGS.md,270,0.1500,HISTORICAL,"0.1889, a paired delta of **+0.0889 [+0.0333, +0.1500]**. That delta was",context carries a past-tense / correction / superseded marker
docs/SCORE-VS-SIZE-FINDINGS.md,271,0.2278,HISTORICAL,+0.2278 against the uncorrected blend. **The supervised model's lead over the,context carries a past-tense / correction / superseded marker
docs/SCORE-VS-SIZE-FINDINGS.md,272,60%,HISTORICAL,hand-set score has fallen by roughly 60%** — it is still real and still excludes,context carries a past-tense / correction / superseded marker
docs/SCORE-VS-SIZE-FINDINGS.md,287,0.144,CURRENT,"bounds are +0.144 (ranking alone, fixed candidate set) and +0.197 (joint), so",first-pass default: reads as a present-tense assertion
docs/SCORE-VS-SIZE-FINDINGS.md,287,0.197,CURRENT,"bounds are +0.144 (ranking alone, fixed candidate set) and +0.197 (joint), so",first-pass default: reads as a present-tense assertion
docs/SCORE-VS-SIZE-FINDINGS.md,290,0.7036,CURRENT,* **`cross_border`.** Strongest single term measured (AUC 0.7036 with size held,first-pass default: reads as a present-tense assertion
docs/SCORE-VS-SIZE-FINDINGS.md,291,0.035,HISTORICAL,"constant) on 0.035 of the weight, and deliberately not exploited: it has the",context carries a past-tense / correction / superseded marker
docs/SCORE-VS-SIZE-FINDINGS.md,296,0.3264,HISTORICAL,* **`burstiness`** measures as inverted (AUC 0.3264) but moves no number at,context carries a past-tense / correction / superseded marker
sentinel/config.py,15,91%,CURRENT,"# are laundering -- 91%. Evaluating across the full span would make ""timestamp",first-pass default: reads as a present-tense assertion; python prose (comment/docstring)
sentinel/config.py,26,0.733,HISTORICAL,STRUCTURAL_RECALL_CEILING = 0.733,context carries a past-tense / correction / superseded marker; PYTHON LINE - may be a constant rather than prose
sentinel/config.py,52,38%,CURRENT,# (38%) are rejected because the ~17-node neighbourhood around a ~7-node ring,first-pass default: reads as a present-tense assertion; python prose (comment/docstring)
sentinel/config.py,59,0.846,CURRENT,#   none              115    203  0.846  0.369   17.0,first-pass default: reads as a present-tense assertion; python prose (comment/docstring)
sentinel/config.py,59,0.369,CURRENT,#   none              115    203  0.846  0.369   17.0,first-pass default: reads as a present-tense assertion; python prose (comment/docstring)
sentinel/config.py,60,0.743,CURRENT,#   leaf2             159    190  0.743  0.485    8.2,first-pass default: reads as a present-tense assertion; python prose (comment/docstring)
sentinel/config.py,60,0.485,CURRENT,#   leaf2             159    190  0.743  0.485    8.2,first-pass default: reads as a present-tense assertion; python prose (comment/docstring)
sentinel/config.py,61,0.568,CURRENT,#   kcore2            144    148  0.568  0.445    4.4,first-pass default: reads as a present-tense assertion; python prose (comment/docstring)
sentinel/config.py,61,0.445,CURRENT,#   kcore2            144    148  0.568  0.445    4.4,first-pass default: reads as a present-tense assertion; python prose (comment/docstring)
sentinel/config.py,62,0.743,CURRENT,#   near_or_linked    159    190  0.743  0.485    8.2,first-pass default: reads as a present-tense assertion; python prose (comment/docstring)
sentinel/config.py,62,0.485,CURRENT,#   near_or_linked    159    190  0.743  0.485    8.2,first-pass default: reads as a present-tense assertion; python prose (comment/docstring)
sentinel/config.py,69,0.846,HISTORICAL,# The cost is real and is not hidden: containment falls 0.846 -> 0.743 and 13,context carries a past-tense / correction / superseded marker; python prose (comment/docstring)
sentinel/config.py,69,0.743,HISTORICAL,# The cost is real and is not hidden: containment falls 0.846 -> 0.743 and 13,context carries a past-tense / correction / superseded marker; python prose (comment/docstring)
sentinel/config.py,76,86.6%,CURRENT,# 86.6% of laundering rows are ACH against an 11.8% base rate -- a 7.3x lift,first-pass default: reads as a present-tense assertion; python prose (comment/docstring)
sentinel/config.py,76,11.8%,CURRENT,# 86.6% of laundering rows are ACH against an 11.8% base rate -- a 7.3x lift,first-pass default: reads as a present-tense assertion; python prose (comment/docstring)
sentinel/config.py,76,7.3x,CURRENT,# 86.6% of laundering rows are ACH against an 11.8% base rate -- a 7.3x lift,first-pass default: reads as a present-tense assertion; python prose (comment/docstring)
sentinel/schema.py,35,0.005,HISTORICAL,Formatting to 2dp collapsed 0.005 and 0.01 onto the same key. Normalising,context carries a past-tense / correction / superseded marker; PYTHON LINE - may be a constant rather than prose
sentinel/api/app.py,146,80%,CURRENT,"""forwarded 80%+ of what they received within 48 hours"",",first-pass default: reads as a present-tense assertion; PYTHON LINE - may be a constant rather than prose
sentinel/corpus/store.py,91,36%,HISTORICAL,by disagreeing in the last bit of the blend on 36% of rows. Hashing the,context carries a past-tense / correction / superseded marker; PYTHON LINE - may be a constant rather than prose
sentinel/corpus/__init__.py,9,0.2778,DERIVED,"cached pool reproduces the stored held-out p@10 of 0.2778 [0.1500, 0.4167] to",line asserts a relationship between two numbers; PYTHON LINE - may be a constant rather than prose
sentinel/corpus/__init__.py,9,0.1500,DERIVED,"cached pool reproduces the stored held-out p@10 of 0.2778 [0.1500, 0.4167] to",line asserts a relationship between two numbers; PYTHON LINE - may be a constant rather than prose
sentinel/corpus/__init__.py,9,0.4167,DERIVED,"cached pool reproduces the stored held-out p@10 of 0.2778 [0.1500, 0.4167] to",line asserts a relationship between two numbers; PYTHON LINE - may be a constant rather than prose
sentinel/data/elliptic2.py,9,0.933,CURRENT,"labels on real data plus a published SOTA baseline (GLASS: test F1 0.933,",first-pass default: reads as a present-tense assertion; PYTHON LINE - may be a constant rather than prose
sentinel/data/elliptic2.py,10,0.208,HISTORICAL,"PR-AUC 0.208, ROC-AUC 0.889; see PUBLISHED_BASELINES below).",context carries a past-tense / correction / superseded marker; PYTHON LINE - may be a constant rather than prose
sentinel/data/elliptic2.py,10,0.889,HISTORICAL,"PR-AUC 0.208, ROC-AUC 0.889; see PUBLISHED_BASELINES below).",context carries a past-tense / correction / superseded marker; PYTHON LINE - may be a constant rather than prose
sentinel/data/elliptic2.py,97,0.398,CURRENT,"""GNN-Seg"": {""f1"": 0.398, ""pr_auc"": 0.026, ""roc_auc"": 0.537},",first-pass default: reads as a present-tense assertion; PYTHON LINE - may be a constant rather than prose
sentinel/data/elliptic2.py,97,0.026,CURRENT,"""GNN-Seg"": {""f1"": 0.398, ""pr_auc"": 0.026, ""roc_auc"": 0.537},",first-pass default: reads as a present-tense assertion; PYTHON LINE - may be a constant rather than prose
sentinel/data/elliptic2.py,97,0.537,CURRENT,"""GNN-Seg"": {""f1"": 0.398, ""pr_auc"": 0.026, ""roc_auc"": 0.537},",first-pass default: reads as a present-tense assertion; PYTHON LINE - may be a constant rather than prose
sentinel/data/elliptic2.py,98,0.944,CURRENT,"""Sub2Vec"": {""f1"": 0.944, ""pr_auc"": 0.022, ""roc_auc"": 0.496},",first-pass default: reads as a present-tense assertion; PYTHON LINE - may be a constant rather than prose
sentinel/data/elliptic2.py,98,0.022,CURRENT,"""Sub2Vec"": {""f1"": 0.944, ""pr_auc"": 0.022, ""roc_auc"": 0.496},",first-pass default: reads as a present-tense assertion; PYTHON LINE - may be a constant rather than prose
sentinel/data/elliptic2.py,98,0.496,CURRENT,"""Sub2Vec"": {""f1"": 0.944, ""pr_auc"": 0.022, ""roc_auc"": 0.496},",first-pass default: reads as a present-tense assertion; PYTHON LINE - may be a constant rather than prose
sentinel/data/elliptic2.py,99,0.933,CURRENT,"""GLASS"": {""f1"": 0.933, ""pr_auc"": 0.208, ""roc_auc"": 0.889},",first-pass default: reads as a present-tense assertion; PYTHON LINE - may be a constant rather than prose
sentinel/data/elliptic2.py,99,0.208,CURRENT,"""GLASS"": {""f1"": 0.933, ""pr_auc"": 0.208, ""roc_auc"": 0.889},",first-pass default: reads as a present-tense assertion; PYTHON LINE - may be a constant rather than prose
sentinel/data/elliptic2.py,99,0.889,CURRENT,"""GLASS"": {""f1"": 0.933, ""pr_auc"": 0.208, ""roc_auc"": 0.889},",first-pass default: reads as a present-tense assertion; PYTHON LINE - may be a constant rather than prose
sentinel/detect/candidates.py,4,100%,CURRENT,"recovers a median 100% of that ring, and the resulting neighbourhood is median",first-pass default: reads as a present-tense assertion; PYTHON LINE - may be a constant rather than prose
sentinel/detect/candidates.py,5,99%,CURRENT,14 nodes with 99% under 60 -- small enough to be a case an analyst can work.,first-pass default: reads as a present-tense assertion; PYTHON LINE - may be a constant rather than prose
sentinel/detect/candidates.py,6,98%,CURRENT,"Leiden on the same window put 98% of covered rings inside 4,000+ node",first-pass default: reads as a present-tense assertion; PYTHON LINE - may be a constant rather than prose
sentinel/detect/candidates.py,92,78.6%,HISTORICAL,the best measured cheap trigger: 78.6% recall over ring accounts at 2.0x,context carries a past-tense / correction / superseded marker; PYTHON LINE - may be a constant rather than prose
sentinel/detect/candidates.py,92,2.0x,HISTORICAL,the best measured cheap trigger: 78.6% recall over ring accounts at 2.0x,context carries a past-tense / correction / superseded marker; PYTHON LINE - may be a constant rather than prose
sentinel/detect/features.py,12,4.0x,CURRENT,"a per-account trigger it gives 4.0x lift at only 3.9% recall, because laundering",first-pass default: reads as a present-tense assertion; PYTHON LINE - may be a constant rather than prose
sentinel/detect/features.py,12,3.9%,CURRENT,"a per-account trigger it gives 4.0x lift at only 3.9% recall, because laundering",first-pass default: reads as a present-tense assertion; PYTHON LINE - may be a constant rather than prose
sentinel/detect/features.py,17,86.6%,CURRENT,`channel` (Payment Format) is excluded on purpose. 86.6% of laundering rows are,first-pass default: reads as a present-tense assertion; PYTHON LINE - may be a constant rather than prose
sentinel/detect/features.py,18,11.8%,CURRENT,"ACH against an 11.8% base rate, a 7.3x lift from one column. It is a generator",first-pass default: reads as a present-tense assertion; PYTHON LINE - may be a constant rather than prose
sentinel/detect/features.py,18,7.3x,CURRENT,"ACH against an 11.8% base rate, a 7.3x lift from one column. It is a generator",first-pass default: reads as a present-tense assertion; PYTHON LINE - may be a constant rather than prose
sentinel/detect/features.py,63,100%,CURRENT,# Both are near-saturated and near-universal -- `gargaml` fires on 100% of,first-pass default: reads as a present-tense assertion; python prose (comment/docstring)
sentinel/detect/features.py,64,0.915,CURRENT,"# candidates with mean 0.915, `stack` on 99.6% with mean 0.910. A term that is",first-pass default: reads as a present-tense assertion; python prose (comment/docstring)
sentinel/detect/features.py,64,99.6%,CURRENT,"# candidates with mean 0.915, `stack` on 99.6% with mean 0.910. A term that is",first-pass default: reads as a present-tense assertion; python prose (comment/docstring)
sentinel/detect/features.py,64,0.910,CURRENT,"# candidates with mean 0.915, `stack` on 99.6% with mean 0.910. A term that is",first-pass default: reads as a present-tense assertion; python prose (comment/docstring)
sentinel/detect/features.py,67,0.495,HISTORICAL,"# Spearman(gargaml, n_nodes) = -0.495, Spearman(stack, n_nodes) = -0.499.",context carries a past-tense / correction / superseded marker; python prose (comment/docstring)
sentinel/detect/features.py,67,0.499,HISTORICAL,"# Spearman(gargaml, n_nodes) = -0.495, Spearman(stack, n_nodes) = -0.499.",context carries a past-tense / correction / superseded marker; python prose (comment/docstring)
sentinel/detect/features.py,68,0.710,HISTORICAL,"# Post-pruning, size became a genuine positive signal (AUC 0.710), so those two",context carries a past-tense / correction / superseded marker; python prose (comment/docstring)
sentinel/detect/features.py,71,1%,HISTORICAL,# under 1% of candidates.,context carries a past-tense / correction / superseded marker; python prose (comment/docstring)
sentinel/detect/features.py,74,0.4534,CURRENT,# stratifying on the 41 distinct values and pooling -- gargaml scores AUC 0.4534,first-pass default: reads as a present-tense assertion; python prose (comment/docstring)
sentinel/detect/features.py,75,0.4552,HISTORICAL,# and stack 0.4552 against the label. Both are below 0.5 on their own terms.,context carries a past-tense / correction / superseded marker; python prose (comment/docstring)
sentinel/detect/features.py,83,0.0500,CURRENT,# 0.0500 to 0.1889 against a size baseline of 0.0444.,first-pass default: reads as a present-tense assertion; python prose (comment/docstring)
sentinel/detect/features.py,83,0.1889,CURRENT,# 0.0500 to 0.1889 against a size baseline of 0.0444.,first-pass default: reads as a present-tense assertion; python prose (comment/docstring)
sentinel/detect/features.py,83,0.0444,CURRENT,# 0.0500 to 0.1889 against a size baseline of 0.0444.,first-pass default: reads as a present-tense assertion; python prose (comment/docstring)
sentinel/detect/features.py,139,80%,CURRENT,fast_passthrough_ratio: float = 0.0   # share of members forwarding >=80% within 48h,first-pass default: reads as a present-tense assertion; PYTHON LINE - may be a constant rather than prose
sentinel/detect/features.py,319,76%,HISTORICAL,# walk this replaces was 76% of the cost of `build` and ~44% of total cycle,context carries a past-tense / correction / superseded marker; python prose (comment/docstring)
sentinel/detect/features.py,319,44%,HISTORICAL,# walk this replaces was 76% of the cost of `build` and ~44% of total cycle,context carries a past-tense / correction / superseded marker; python prose (comment/docstring)
sentinel/detect/layers.py,18,3%,CURRENT,3% and 7% on them.,first-pass default: reads as a present-tense assertion; PYTHON LINE - may be a constant rather than prose
sentinel/detect/layers.py,18,7%,CURRENT,3% and 7% on them.,first-pass default: reads as a present-tense assertion; PYTHON LINE - may be a constant rather than prose
sentinel/detect/merge.py,71,15.4%,CURRENT,"# profile counted 21.5M jaccard calls in `suppress`, 15.4% of cycle",first-pass default: reads as a present-tense assertion; python prose (comment/docstring)
sentinel/detect/motifs.py,4,82%,HISTORICAL,achieves 78-82% ring coverage but places almost every covered ring inside a,context carries a past-tense / correction / superseded marker; PYTHON LINE - may be a constant rather than prose
sentinel/detect/motifs.py,5,2%,HISTORICAL,"4,000-8,000 node community, so only 1-2% of them land in anything an analyst",context carries a past-tense / correction / superseded marker; PYTHON LINE - may be a constant rather than prose
sentinel/detect/motifs.py,22,99%,CURRENT,"# 14 nodes and 99% sit under 60, so this bounds a tail case rather than the",first-pass default: reads as a present-tense assertion; python prose (comment/docstring)
sentinel/detect/motifs.py,32,91%,HISTORICAL,"# Measured: 91% of queued cases contained one, and 100% of those were length 2.",context carries a past-tense / correction / superseded marker; python prose (comment/docstring)
sentinel/detect/motifs.py,32,100%,HISTORICAL,"# Measured: 91% of queued cases contained one, and 100% of those were length 2.",context carries a past-tense / correction / superseded marker; python prose (comment/docstring)
sentinel/detect/prune.py,7,38%,CURRENT,hit floor. 88 of 230 seeded rings (38%) are found and then rejected for,first-pass default: reads as a present-tense assertion; PYTHON LINE - may be a constant rather than prose
sentinel/detect/prune.py,8,12%,CURRENT,"carrying passengers, against only 27 (12%) never reached at all. Dilution,",first-pass default: reads as a present-tense assertion; PYTHON LINE - may be a constant rather than prose
sentinel/economics/__init__.py,4,0.079,CURRENT,without one is a number an ops team cannot act on: p@20 = 0.079 is either,first-pass default: reads as a present-tense assertion; PYTHON LINE - may be a constant rather than prose
sentinel/eval/bootstrap.py,3,0.085,CURRENT,Point estimates on this dataset move a lot: at p@10 = 0.085 a single ring is,first-pass default: reads as a present-tense assertion; PYTHON LINE - may be a constant rather than prose
sentinel/eval/funnel.py,7,26%,CURRENT,measured against AMLworld HI-Small: only ~26% of active rings become,first-pass default: reads as a present-tense assertion; PYTHON LINE - may be a constant rather than prose
sentinel/eval/funnel.py,8,0%,CURRENT,"candidates at all, and BIPARTITE / FAN-OUT / RANDOM / STACK generate 0% --",first-pass default: reads as a present-tense assertion; PYTHON LINE - may be a constant rather than prose
sentinel/graph/window.py,17,1.4%,CURRENT,"ticks that is a 1.4% overhang, traded deliberately for not having to track",first-pass default: reads as a present-tense assertion; PYTHON LINE - may be a constant rather than prose
sentinel/graph/window.py,221,100%,CURRENT,STACK rings are seeded at 90-100% but produce a covering candidate,first-pass default: reads as a present-tense assertion; PYTHON LINE - may be a constant rather than prose
sentinel/graph/window.py,222,3%,CURRENT,"only 3% and 13% of the time -- the loss is here, in expansion, not in",first-pass default: reads as a present-tense assertion; PYTHON LINE - may be a constant rather than prose
sentinel/graph/window.py,222,13%,CURRENT,"only 3% and 13% of the time -- the loss is here, in expansion, not in",first-pass default: reads as a present-tense assertion; PYTHON LINE - may be a constant rather than prose
sentinel/learn/analyst.py,23,3%,HISTORICAL,"# Measured consequence of getting this wrong: at 3%, applied across a queue",context carries a past-tense / correction / superseded marker; python prose (comment/docstring)
sentinel/learn/analyst.py,24,3%,HISTORICAL,"# where only ~3% of cases contain a real ring, false confirmations *equalled*",context carries a past-tense / correction / superseded marker; python prose (comment/docstring)
sentinel/learn/analyst.py,26,0.000,HISTORICAL,# nothing (every permutation importance came back ~0.000). Real analysts do not,context carries a past-tense / correction / superseded marker; python prose (comment/docstring)
sentinel/learn/analyst.py,27,3%,HISTORICAL,"# confirm 3% of visibly clean clusters, so this is both more realistic and the",context carries a past-tense / correction / superseded marker; python prose (comment/docstring)
sentinel/learn/analyst.py,29,0.005,CURRENT,FALSE_CONFIRM = 0.005,first-pass default: reads as a present-tense assertion; PYTHON LINE - may be a constant rather than prose
sentinel/learn/calibrate.py,130,60%,CURRENT,says -- `cross_border` firing on 60% of candidates and,first-pass default: reads as a present-tense assertion; PYTHON LINE - may be a constant rather than prose
sentinel/learn/reranker.py,4,78.6%,CURRENT,"78.6% of ring accounts and two-hop expansion recovers a median 100% of a ring,",first-pass default: reads as a present-tense assertion; PYTHON LINE - may be a constant rather than prose
sentinel/learn/reranker.py,4,100%,CURRENT,"78.6% of ring accounts and two-hop expansion recovers a median 100% of a ring,",first-pass default: reads as a present-tense assertion; PYTHON LINE - may be a constant rather than prose
sentinel/learn/reranker.py,5,18.1%,CURRENT,yet only 18.1% surface. Candidates are being produced and then ranked away by a,first-pass default: reads as a present-tense assertion; PYTHON LINE - may be a constant rather than prose
sentinel/learn/reranker.py,30,86.6%,CURRENT,# `channel` never enters. 86.6% of laundering rows are ACH against an 11.8%,first-pass default: reads as a present-tense assertion; python prose (comment/docstring)
sentinel/learn/reranker.py,30,11.8%,CURRENT,# `channel` never enters. 86.6% of laundering rows are ACH against an 11.8%,first-pass default: reads as a present-tense assertion; python prose (comment/docstring)
sentinel/learn/reranker.py,31,7.3x,CURRENT,# base rate -- a generator artifact worth 7.3x that would inflate every number,first-pass default: reads as a present-tense assertion; python prose (comment/docstring)
sentinel/learn/reranker.py,115,0.0000,CURRENT,"1.0000), so permutation importance measured there reports 0.0000 for",first-pass default: reads as a present-tense assertion; PYTHON LINE - may be a constant rather than prose
sentinel/learn/reranker.py,162,2.6%,CURRENT,"Scored by **average precision, not accuracy**. At a 2.6% positive rate",first-pass default: reads as a present-tense assertion; PYTHON LINE - may be a constant rather than prose
sentinel/learn/reranker.py,165,0.000,HISTORICAL,~0.000 for every feature while the model was in fact re-ranking 4x,context carries a past-tense / correction / superseded marker; PYTHON LINE - may be a constant rather than prose
scripts/build_stream.py,3,47.6%,HISTORICAL,The source file is NOT in timestamp order -- 47.6% of adjacent row pairs go,context carries a past-tense / correction / superseded marker; PYTHON LINE - may be a constant rather than prose
scripts/ci_gates.py,52,0.005,CURRENT,METRIC_TOLERANCE = 0.005,first-pass default: reads as a present-tense assertion; PYTHON LINE - may be a constant rather than prose
scripts/ci_gates.py,276,0.0333,HISTORICAL,"first time, it fails: on the frozen fixture the margin is +0.0333 at k=10",context carries a past-tense / correction / superseded marker; PYTHON LINE - may be a constant rather than prose
scripts/ci_gates.py,277,0.0333,CURRENT,and -0.0333 at k=20.,first-pass default: reads as a present-tense assertion; PYTHON LINE - may be a constant rather than prose
scripts/ci_gates.py,283,0.017,DERIVED,reproduced it on its own held-out cycles: blend - size is +0.017,line asserts a relationship between two numbers; PYTHON LINE - may be a constant rather than prose
scripts/ci_gates.py,284,0.006,CURRENT,"[-0.006, +0.039] at k=10 and exactly 0.000 [-0.019, +0.019] at k=20.",first-pass default: reads as a present-tense assertion; PYTHON LINE - may be a constant rather than prose
scripts/ci_gates.py,284,0.039,CURRENT,"[-0.006, +0.039] at k=10 and exactly 0.000 [-0.019, +0.019] at k=20.",first-pass default: reads as a present-tense assertion; PYTHON LINE - may be a constant rather than prose
scripts/ci_gates.py,284,0.000,CURRENT,"[-0.006, +0.039] at k=10 and exactly 0.000 [-0.019, +0.019] at k=20.",first-pass default: reads as a present-tense assertion; PYTHON LINE - may be a constant rather than prose
scripts/ci_gates.py,284,0.019,CURRENT,"[-0.006, +0.039] at k=10 and exactly 0.000 [-0.019, +0.019] at k=20.",first-pass default: reads as a present-tense assertion; PYTHON LINE - may be a constant rather than prose
scripts/ci_gates.py,284,0.019,CURRENT,"[-0.006, +0.039] at k=10 and exactly 0.000 [-0.019, +0.019] at k=20.",first-pass default: reads as a present-tense assertion; PYTHON LINE - may be a constant rather than prose
scripts/ci_gates.py,363,0.0971,HISTORICAL,# Was 0.0971 until `gargaml` and `stack` were retired as measured anti-signal,context carries a past-tense / correction / superseded marker; python prose (comment/docstring)
scripts/ci_gates.py,368,0.2912,CURRENT,REPORTED_PRECISION = 0.2912,first-pass default: reads as a present-tense assertion; PYTHON LINE - may be a constant rather than prose
scripts/ci_gates.py,381,0.1x,CURRENT,"So: for every unsourced input, scale it by 0.1x and 10x and ask whether the",first-pass default: reads as a present-tense assertion; PYTHON LINE - may be a constant rather than prose
scripts/ci_gates.py,414,0.1x,CURRENT,"print(f""  {name:<32} conclusion robust across 0.1x - 10x"")",first-pass default: reads as a present-tense assertion; PYTHON LINE - may be a constant rather than prose
scripts/ci_gates.py,420,0.1x,HISTORICAL,# Factor 10 to match the 0.1x - 10x band the one-at-a-time sweep above,context carries a past-tense / correction / superseded marker; python prose (comment/docstring)
scripts/ci_gates.py,438,0.1x,CURRENT,# figures. Gating on a 10x/0.1x simultaneous adverse move would make,first-pass default: reads as a present-tense assertion; python prose (comment/docstring)
scripts/diagnose_build.py,4,89%,CURRENT,established that seeding is not the bottleneck (89% of active rings are,first-pass default: reads as a present-tense assertion; PYTHON LINE - may be a constant rather than prose
scripts/diagnose_build.py,5,90%,CURRENT,"seeded; BIPARTITE 90%, STACK 100%) but that BIPARTITE builds a covering",first-pass default: reads as a present-tense assertion; PYTHON LINE - may be a constant rather than prose
scripts/diagnose_build.py,5,100%,CURRENT,"seeded; BIPARTITE 90%, STACK 100%) but that BIPARTITE builds a covering",first-pass default: reads as a present-tense assertion; PYTHON LINE - may be a constant rather than prose
scripts/diagnose_build.py,6,3%,CURRENT,candidate only 3% of the time and STACK only 13%. That says the loss is in,first-pass default: reads as a present-tense assertion; PYTHON LINE - may be a constant rather than prose
scripts/diagnose_build.py,6,13%,CURRENT,candidate only 3% of the time and STACK only 13%. That says the loss is in,first-pass default: reads as a present-tense assertion; PYTHON LINE - may be a constant rather than prose
scripts/diagnose_build.py,10,50%,CURRENT,"A ring is ""built"" when some candidate both contains >=50% of it (containment)",first-pass default: reads as a present-tense assertion; PYTHON LINE - may be a constant rather than prose
scripts/diagnose_build.py,24,50%,HISTORICAL,"DILUTION_FAIL -- expansion DID reach >=50% of the ring, but the",context carries a past-tense / correction / superseded marker; PYTHON LINE - may be a constant rather than prose
scripts/eval_blend_v2.py,7,0.099,HISTORICAL,"**1. Was the score just a proxy for size?** No. Spearman(blend, size) = -0.099",context carries a past-tense / correction / superseded marker; PYTHON LINE - may be a constant rather than prose
scripts/eval_blend_v2.py,15,0.710,CURRENT,(AUC 0.710) and any term correlated with size inherits an apparent signal it,first-pass default: reads as a present-tense assertion; PYTHON LINE - may be a constant rather than prose
scripts/eval_blend_v2.py,21,100%,CURRENT,"100% and 99.6% of candidates with means of 0.915 and 0.910 -- near-saturated, so",first-pass default: reads as a present-tense assertion; PYTHON LINE - may be a constant rather than prose
scripts/eval_blend_v2.py,21,99.6%,CURRENT,"100% and 99.6% of candidates with means of 0.915 and 0.910 -- near-saturated, so",first-pass default: reads as a present-tense assertion; PYTHON LINE - may be a constant rather than prose
scripts/eval_blend_v2.py,21,0.915,CURRENT,"100% and 99.6% of candidates with means of 0.915 and 0.910 -- near-saturated, so",first-pass default: reads as a present-tense assertion; PYTHON LINE - may be a constant rather than prose
scripts/eval_blend_v2.py,21,0.910,CURRENT,"100% and 99.6% of candidates with means of 0.915 and 0.910 -- near-saturated, so",first-pass default: reads as a present-tense assertion; PYTHON LINE - may be a constant rather than prose
scripts/eval_blend_v2.py,23,0.495,HISTORICAL,"for size (Spearman -0.495 and -0.499). Post-pruning, size became a real positive",context carries a past-tense / correction / superseded marker; PYTHON LINE - may be a constant rather than prose
scripts/eval_blend_v2.py,23,0.499,HISTORICAL,"for size (Spearman -0.495 and -0.499). Post-pruning, size became a real positive",context carries a past-tense / correction / superseded marker; PYTHON LINE - may be a constant rather than prose
scripts/eval_blend_v2.py,25,1%,HISTORICAL,out terms that fire on under 1% of candidates but fire precisely.,context carries a past-tense / correction / superseded marker; PYTHON LINE - may be a constant rather than prose
scripts/eval_blend_v2.py,29,0.0500,CURRENT,beyond the diagnosis -- moves held-out p@10 from 0.0500 to 0.1889 against a size,first-pass default: reads as a present-tense assertion; PYTHON LINE - may be a constant rather than prose
scripts/eval_blend_v2.py,29,0.1889,CURRENT,beyond the diagnosis -- moves held-out p@10 from 0.0500 to 0.1889 against a size,first-pass default: reads as a present-tense assertion; PYTHON LINE - may be a constant rather than prose
scripts/eval_blend_v2.py,30,0.0444,HISTORICAL,baseline of 0.0444. A non-negative least-squares fit of all thirteen weights on,context carries a past-tense / correction / superseded marker; PYTHON LINE - may be a constant rather than prose
scripts/eval_blend_v2.py,31,0.1944,HISTORICAL,"the training split reaches 0.1944, which is inside the removal's confidence",context carries a past-tense / correction / superseded marker; PYTHON LINE - may be a constant rather than prose
scripts/eval_blend_v2.py,250,0.025,CURRENT,lo = draws[int(0.025 * N_RESAMPLES)],first-pass default: reads as a present-tense assertion; PYTHON LINE - may be a constant rather than prose
scripts/eval_blend_v2.py,251,0.975,CURRENT,"hi = draws[min(int(0.975 * N_RESAMPLES), N_RESAMPLES - 1)]",first-pass default: reads as a present-tense assertion; PYTHON LINE - may be a constant rather than prose
scripts/eval_cost.py,31,0.291,HISTORICAL,"FALLBACK_SCORE = {10: 0.291, 20: 0.157, 50: 0.076}",context carries a past-tense / correction / superseded marker; PYTHON LINE - may be a constant rather than prose
scripts/eval_cost.py,31,0.157,HISTORICAL,"FALLBACK_SCORE = {10: 0.291, 20: 0.157, 50: 0.076}",context carries a past-tense / correction / superseded marker; PYTHON LINE - may be a constant rather than prose
scripts/eval_cost.py,31,0.076,HISTORICAL,"FALLBACK_SCORE = {10: 0.291, 20: 0.157, 50: 0.076}",context carries a past-tense / correction / superseded marker; PYTHON LINE - may be a constant rather than prose
scripts/eval_cost.py,32,0.094,HISTORICAL,"FALLBACK_SIZE = {10: 0.094, 20: 0.074, 50: 0.051}",context carries a past-tense / correction / superseded marker; PYTHON LINE - may be a constant rather than prose
scripts/eval_cost.py,32,0.074,HISTORICAL,"FALLBACK_SIZE = {10: 0.094, 20: 0.074, 50: 0.051}",context carries a past-tense / correction / superseded marker; PYTHON LINE - may be a constant rather than prose
scripts/eval_cost.py,32,0.051,HISTORICAL,"FALLBACK_SIZE = {10: 0.094, 20: 0.074, 50: 0.051}",context carries a past-tense / correction / superseded marker; PYTHON LINE - may be a constant rather than prose
scripts/eval_elliptic2.py,70,8.0%,CURRENT,"print(f""{stage:<16}{total[stage]:>8}{total[stage+'_recall']:>8.0%}"")",first-pass default: reads as a present-tense assertion; PYTHON LINE - may be a constant rather than prose
scripts/eval_funnel.py,53,63%,CURRENT,"# actually wants: ""ranking costs 44 points"" is a claim, ""63% then 19%"" is",first-pass default: reads as a present-tense assertion; python prose (comment/docstring)
scripts/eval_funnel.py,53,19%,CURRENT,"# actually wants: ""ranking costs 44 points"" is a claim, ""63% then 19%"" is",first-pass default: reads as a present-tense assertion; python prose (comment/docstring)
scripts/eval_funnel.py,209,5.0%,CURRENT,""""".join(f""{row[s]:>7}({row[s+'_recall']:>5.0%})""",first-pass default: reads as a present-tense assertion; PYTHON LINE - may be a constant rather than prose
scripts/eval_funnel.py,224,7.1%,CURRENT,"print(f""  {name:<9}{total_row[a+'_recall']:>7.1%} -> """,first-pass default: reads as a present-tense assertion; PYTHON LINE - may be a constant rather than prose
scripts/eval_funnel.py,225,6.1%,CURRENT,"f""{total_row[b+'_recall']:>6.1%}   {-losses[name]:>+7.1f} pts{mark}"")",first-pass default: reads as a present-tense assertion; PYTHON LINE - may be a constant rather than prose
scripts/eval_funnel.py,226,7.1%,CURRENT,"print(f""  {'total':<9}{total_row['seed_reachable_recall']:>7.1%} -> """,first-pass default: reads as a present-tense assertion; PYTHON LINE - may be a constant rather than prose
scripts/eval_funnel.py,227,6.1%,CURRENT,"f""{total_row['ranked_recall']:>6.1%}   {-sum(losses.values()):>+7.1f} pts"")",first-pass default: reads as a present-tense assertion; PYTHON LINE - may be a constant rather than prose
scripts/eval_funnel.py,244,95%,CURRENT,"print(f""\n{'metric':<14}{'point':>8}{'lo':>8}{'hi':>8}   (95% CI, n={len(cycle_records)} cycles)"")",first-pass default: reads as a present-tense assertion; PYTHON LINE - may be a constant rather than prose
scripts/eval_median_gap.py,234,95%,DERIVED,"print(""  paired delta (with_median - sentinel), 95% CI:"")",line asserts a relationship between two numbers; PYTHON LINE - may be a constant rather than prose
scripts/eval_oracle.py,21,100%,HISTORICAL,measure what the feature set could do if seeding recall were 100%. Never,context carries a past-tense / correction / superseded marker; PYTHON LINE - may be a constant rather than prose
scripts/eval_oracle.py,29,0.124,CURRENT,"simulated analyst verdicts instead of truth, reached p@10 = 0.124 against",first-pass default: reads as a present-tense assertion; PYTHON LINE - may be a constant rather than prose
scripts/eval_oracle.py,30,0.106,DERIVED,"0.106 for the v1 hand-set over 17 held-out cycles, with a paired delta CI that",line asserts a relationship between two numbers; PYTHON LINE - may be a constant rather than prose
scripts/eval_oracle.py,51,0.1%,HISTORICAL,"roughly 0.1% positives, F1 at a fixed threshold measures the threshold, not the",context carries a past-tense / correction / superseded marker; PYTHON LINE - may be a constant rather than prose
scripts/eval_oracle.py,61,2.8x,HISTORICAL,"quoted ""2.8x"" was not a ratio of anything. Item 0.2 of",context carries a past-tense / correction / superseded marker; PYTHON LINE - may be a constant rather than prose
scripts/eval_oracle.py,149,0.124,CURRENT,"""SIMULATED ANALYST VERDICTS instead of truth, reached p@10 = 0.124 against """,first-pass default: reads as a present-tense assertion; PYTHON LINE - may be a constant rather than prose
scripts/eval_oracle.py,150,0.106,DERIVED,"""0.106 for the v1 hand-set over 17 held-out cycles, with a paired delta CI """,line asserts a relationship between two numbers; PYTHON LINE - may be a constant rather than prose
scripts/eval_oracle.py,165,0.2778,CURRENT,"""(scripts/eval_ranker.py reaches 0.2778 on the same features and the same """,first-pass default: reads as a present-tense assertion; PYTHON LINE - may be a constant rather than prose
scripts/eval_oracle.py,184,100%,HISTORICAL,"""were 100%. It is a ceiling diagnostic: nothing below it may be quoted as a\n""",context carries a past-tense / correction / superseded marker; PYTHON LINE - may be a constant rather than prose
scripts/eval_oracle.py,555,0.1%,HISTORICAL,"# a fixed-threshold pathology on a pool with ~0.1% positives, not a",context carries a past-tense / correction / superseded marker; python prose (comment/docstring)
scripts/eval_oracle.py,561,1.5x,CURRENT,# The branch structure and its thresholds (>=2x / >=1.5x / <1.5x) are,first-pass default: reads as a present-tense assertion; python prose (comment/docstring)
scripts/eval_oracle.py,561,1.5x,CURRENT,# The branch structure and its thresholds (>=2x / >=1.5x / <1.5x) are,first-pass default: reads as a present-tense assertion; python prose (comment/docstring)
scripts/eval_oracle.py,594,1.5x,HISTORICAL,"f""pool) ranks between 1.5x """,context carries a past-tense / correction / superseded marker; PYTHON LINE - may be a constant rather than prose
scripts/eval_oracle.py,596,2.8x,HISTORICAL,"f""k=20: {r20}) -- weaker than the pre-prune 2.8x the plan was """,context carries a past-tense / correction / superseded marker; PYTHON LINE - may be a constant rather than prose
scripts/eval_oracle.py,604,1.5x,CURRENT,"f""(time-ordered on the negative pool) ranks below 1.5x the """,first-pass default: reads as a present-tense assertion; PYTHON LINE - may be a constant rather than prose
scripts/eval_oracle.py,640,0.1%,CURRENT,"""fixed 0.5 threshold on a pool with ~0.1% positives measures the """,first-pass default: reads as a present-tense assertion; PYTHON LINE - may be a constant rather than prose
scripts/eval_phase2.py,158,12.1%,CURRENT,"row += f""{len(ring_found[name]):>13}{rec:>12.1%}""",first-pass default: reads as a present-tense assertion; PYTHON LINE - may be a constant rather than prose
scripts/eval_phase2.py,163,0.197,CURRENT,"# ""+0.197 [+0.128, +0.269]"" is a result.",first-pass default: reads as a present-tense assertion; python prose (comment/docstring)
scripts/eval_phase2.py,163,0.128,CURRENT,"# ""+0.197 [+0.128, +0.269]"" is a result.",first-pass default: reads as a present-tense assertion; python prose (comment/docstring)
scripts/eval_phase2.py,163,0.269,CURRENT,"# ""+0.197 [+0.128, +0.269]"" is a result.",first-pass default: reads as a present-tense assertion; python prose (comment/docstring)
scripts/eval_phase2.py,176,8.0%,CURRENT,"print(f""{typ:<18}{s:>7}{f:>7}{f/max(1,s):>8.0%}"")",first-pass default: reads as a present-tense assertion; PYTHON LINE - may be a constant rather than prose
scripts/eval_phase4.py,184,95%,DERIVED,# number is reported here paired with a 95% CI on the delta. If the CI,line asserts a relationship between two numbers; python prose (comment/docstring)
scripts/eval_phase4.py,187,95%,DERIVED,"print(f""\n{'k':<6}{'delta':>10}{'lo':>10}{'hi':>10}  excludes 0?   (95% CI, """,line asserts a relationship between two numbers; PYTHON LINE - may be a constant rather than prose
scripts/eval_phase4.py,200,95%,CURRENT,"print(f""\nThe p@10 lift {verdict} its own 95% CI."")",first-pass default: reads as a present-tense assertion; PYTHON LINE - may be a constant rather than prose
scripts/eval_ranker.py,26,0.2778,CURRENT,AND the second reading of that result: 0.2778 here and,first-pass default: reads as a present-tense assertion; PYTHON LINE - may be a constant rather than prose
scripts/eval_ranker.py,27,0.2778,DERIVED,"0.2778 there -- two scripts, identical to every digit.",line asserts a relationship between two numbers; PYTHON LINE - may be a constant rather than prose
scripts/eval_ranker.py,253,60%,CURRENT,"asserted to be harmless, because ""we dropped 60% of the negatives in the",first-pass default: reads as a present-tense assertion; PYTHON LINE - may be a constant rather than prose
scripts/eval_ranker.py,552,95%,CURRENT,"print(""\npaired bootstrap deltas (model - baseline), 95% CI over cycles:"")",first-pass default: reads as a present-tense assertion; PYTHON LINE - may be a constant rather than prose
scripts/eval_ring_unit.py,16,0.0396,CURRENT,returns a 0.0396-wide interval where ring-clustering returns 0.0890 -- more,first-pass default: reads as a present-tense assertion; PYTHON LINE - may be a constant rather than prose
scripts/eval_ring_unit.py,16,0.0890,CURRENT,returns a 0.0396-wide interval where ring-clustering returns 0.0890 -- more,first-pass default: reads as a present-tense assertion; PYTHON LINE - may be a constant rather than prose
scripts/eval_ring_unit.py,70,16%,HISTORICAL,"(16%% built) and STACK (30%% built) are lost systematically, not at random.",context carries a past-tense / correction / superseded marker; PYTHON LINE - may be a constant rather than prose
scripts/eval_ring_unit.py,70,30%,HISTORICAL,"(16%% built) and STACK (30%% built) are lost systematically, not at random.",context carries a past-tense / correction / superseded marker; PYTHON LINE - may be a constant rather than prose
scripts/eval_ring_unit.py,97,0.025,CURRENT,lo = draws[int(0.025 * n_resamples)],first-pass default: reads as a present-tense assertion; PYTHON LINE - may be a constant rather than prose
scripts/eval_ring_unit.py,98,0.975,CURRENT,"hi = draws[min(int(0.975 * n_resamples), n_resamples - 1)]",first-pass default: reads as a present-tense assertion; PYTHON LINE - may be a constant rather than prose
scripts/eval_vs_published.py,111,10.1%,CURRENT,"print(f""{k:>7}{len(pred):>12,}{tp:>8,}{prec:>10.1%}""",first-pass default: reads as a present-tense assertion; PYTHON LINE - may be a constant rather than prose
scripts/eval_vs_published.py,112,9.1%,CURRENT,"f""{rec:>9.1%}{f1:>9.3f}{prec/base:>7.0f}x"")",first-pass default: reads as a present-tense assertion; PYTHON LINE - may be a constant rather than prose
scripts/eval_vs_published.py,135,0.269,CURRENT,"""GNN_no_adaptations_minorityF1"": 0.269,",first-pass default: reads as a present-tense assertion; PYTHON LINE - may be a constant rather than prose
scripts/eval_vs_published.py,136,0.429,CURRENT,"""GNN_with_adaptations_minorityF1"": 0.429,",first-pass default: reads as a present-tense assertion; PYTHON LINE - may be a constant rather than prose
scripts/eval_vs_published.py,137,0.572,CURRENT,"""GIN_adapted_minorityF1"": 0.572,",first-pass default: reads as a present-tense assertion; PYTHON LINE - may be a constant rather than prose
scripts/gfp_compare.py,267,95%,CURRENT,"print(f""\npaired bootstrap deltas, 95% CI over the same cycles:"")",first-pass default: reads as a present-tense assertion; PYTHON LINE - may be a constant rather than prose
tests/test_corpus.py,173,36%,HISTORICAL,# the last bit of the blend on 36% of rows.,context carries a past-tense / correction / superseded marker; python prose (comment/docstring)
tests/test_layers.py,3,3%,CURRENT,These target the two typologies the project scores worst on — BIPARTITE at 3%,first-pass default: reads as a present-tense assertion; PYTHON LINE - may be a constant rather than prose
tests/test_layers.py,4,7%,CURRENT,and STACK at 7% — so the shapes are built exactly as AMLworld defines them and,first-pass default: reads as a present-tense assertion; PYTHON LINE - may be a constant rather than prose
tests/test_llm_narrative.py,43,0.996,CURRENT,"feature_snapshot={""passthrough_ratio"": 0.996, ""n_countries"": 2},",first-pass default: reads as a present-tense assertion; PYTHON LINE - may be a constant rather than prose
tests/test_phase0.py,74,0.005,CURRENT,"""""""Rounding to 2dp merged 0.005 and 0.01 into the same join key.""""""",first-pass default: reads as a present-tense assertion; python prose (comment/docstring)
tests/test_phase0.py,75,0.005,CURRENT,"assert amount_key(""0.005"") != amount_key(""0.01"")",first-pass default: reads as a present-tense assertion; PYTHON LINE - may be a constant rather than prose
tests/test_phase0.py,283,0%,HISTORICAL,A silent drop to 0% here previously produced the plausible-looking and,context carries a past-tense / correction / superseded marker; PYTHON LINE - may be a constant rather than prose
tests/test_phase0.py,302,24%,CURRENT,"""""""~24% of rings have <=2 accounts and cannot be found structurally.""""""",first-pass default: reads as a present-tense assertion; python prose (comment/docstring)
tests/test_phase1.py,87,1.4%,CURRENT,"1.4% overhang, which is cheaper than tracking per-edge expiry and is",first-pass default: reads as a present-tense assertion; PYTHON LINE - may be a constant rather than prose
tests/test_phase1.py,192,0.999,CURRENT,"assert inside / s.meta[""n_edges""] > 0.999",first-pass default: reads as a present-tense assertion; PYTHON LINE - may be a constant rather than prose
tests/test_phase2.py,60,91%,HISTORICAL,"91% of queued cases contained one and 100% of those were length 2, so",context carries a past-tense / correction / superseded marker; PYTHON LINE - may be a constant rather than prose
tests/test_phase2.py,60,100%,HISTORICAL,"91% of queued cases contained one and 100% of those were length 2, so",context carries a past-tense / correction / superseded marker; PYTHON LINE - may be a constant rather than prose
tests/test_phase2.py,203,7.3x,CURRENT,"""""""The 7.3x ACH leak stays out of scoring, by construction.""""""",first-pass default: reads as a present-tense assertion; python prose (comment/docstring)
tests/test_phase2_v2.py,142,80%,CURRENT,""""""">=80% of inflow forwarded within 48 hours.""""""",first-pass default: reads as a present-tense assertion; python prose (comment/docstring)
tests/test_phase4.py,53,7.3x,CURRENT,"""""""The 7.3x ACH leak stays out of the model, by construction.""""""",first-pass default: reads as a present-tense assertion; python prose (comment/docstring)
tests/test_phase4.py,221,0.0000,HISTORICAL,This was a real defect: every feature reported 0.0000 while the model was,context carries a past-tense / correction / superseded marker; PYTHON LINE - may be a constant rather than prose
